X,Y,waypointna,animalid,latitude,longitude,date,time,oldwaypoin,elevation,type,loc,visual,influenced,before_aft,totalmove,behavior,distobs,distburrow,distcover,plantsinfi,plant1,plant2,plant3,plant4,plant5,plant6,obs,season,Reproducti,indpresent,note,datum,post_note,totallocsa,recordedco,morning,late_morni,burrow_not,X_UTM12N,Y_UTM12N
508951.980720529,3524138.95948702,01.21.17.220,100.000000,31.852937,-110.905376,2017/01/21,1899/12/30,,NA,Telemetry,7.000000,0.000000,NA,NA,NA,in burrow,NA,NA,NA,NA,NA,NA,NA,NA,NA,NA,ADB,M,NA,0.000000,"no bars; unable to isolate, point not measured with GPS",NAD27,"unsure about time; guessed based on field journal",0.000000,0.000000,0.000000,0.000000,,508951.98072100000,3524138.95948999980
508901.379348992,3524124.19151913,01.24.17.220.2,100.000000,31.852804,-110.905911,2017/01/24,1899/12/30,220.1.24,NA,Telemetry,7.000000,0.000000,NA,NA,NA,in burrow,NA,0,NA,NA,NA,NA,NA,NA,NA,NA,ADB,M,NA,0.000000,,NAD27,,0.000000,0.000000,0.000000,0.000000,,508901.37934900000,3524124.19151999988
508928.201959163,3524176.54792353,02.04.17.220,100.000000,31.853276,-110.905627,2017/02/04,1899/12/30,220.2.04,NA,Telemetry,7.000000,1.000000,NA,NA,NA,at burrow,NA,0,NA,tree,tree,NA,NA,NA,NA,NA,ADB,M,NA,0.000000,"burrow, climb tree",,,0.000000,0.000000,0.000000,0.000000,,508928.20195900003,3524176.54791999981
509015.392336891,3524109.74209634,02.07.17.220,100.000000,31.852673,-110.904706,2017/02/07,1899/12/30,220.2.07,NA,Telemetry,7.000000,0.000000,NA,NA,NA,in burrow,NA,0,NA,NA,NA,NA,NA,NA,NA,NA,ADB,M,NA,0.000000,,WGS84,,0.000000,0.000000,0.000000,0.000000,,509015.39233700000,3524109.74209999992
511120.834849343,3523096.31720678,02.28.17.101,101.000000,31.843511,-110.882463,2017/02/28,1899/12/30,2.28.17.237,"1,040.00",Telemetry,15.000000,0.000000,NA,NA,NA,in burrow,NA,0,NA,NA,NA,NA,NA,NA,NA,NA,ADB,B,0,0.000000,don't see any main holes but think she's underground,WGS84,,1.000000,1.000000,0.000000,1.000000,not even sure she's underground,511120.83484899998,3523096.31721000001
511106.067516252,3523085.56084279,03.23.17.101,101.000000,31.843414,-110.882619,2017/03/23,1899/12/30,3.23.237,"1,036.00",Telemetry,15.000000,0.000000,NA,NA,NA,in burrow,NA,NA,0,NA,NA,NA,NA,NA,NA,NA,ADB,B,0,0.000000,in burrow/vegetation,WGS84,,1.000000,1.000000,0.000000,1.000000,,511106.06751600001,3523085.56083999993
511182.836954596,3522965.46257151,03.28.17.101,101.000000,31.842330,-110.881809,2017/03/28,1899/12/30,03.28.237,"1,043.15",Telemetry,15.000000,0.000000,1,NA,NA,in burrow,NA,NA,NA,NA,NA,NA,NA,NA,NA,NA,ADB,B,0,0.000000,,WGS84,,1.000000,1.000000,0.000000,1.000000,,511182.83695500001,3522965.46256999997
511190.870308872,3523060.67063768,04.06.17.101.2,101.000000,31.843189,-110.881723,2017/04/06,1899/12/30,4.6.15.2,"1,039.30",Telemetry,15.000000,0.000000,1,NA,NA,in burrow,NA,NA,NA,NA,NA,NA,NA,NA,NA,NA,ADB,B,0,0.000000,found her shortly later in a burrow,WGS84,,1.000000,1.000000,0.000000,1.000000,,511190.87030900002,3523060.67064000014
513138.89628537,3520339.09927478,04.06.17.104,104.000000,31.818614,-110.861171,2017/04/06,1899/12/30,4.6.31.2,"1,132.07",Telemetry,32.000000,1.000000,NA,NA,NA,in burrow,NA,NA,NA,NA,NA,NA,NA,NA,NA,NA,ADB,B,0,0.000000,glimpse but unsure,WGS84,,0.000000,0.000000,0.000000,0.000000,,513138.89628500002,3520339.09927000012
512012.434856585,3522320.1146108,04.11.17.103,103.000000,31.836499,-110.873049,2017/04/11,1899/12/30,4.11.25.2,"1,071.51",Telemetry/visual,25.000000,1.000000,NA,NA,NA,at burrow,NA,0,NA,NA,NA,NA,NA,NA,NA,NA,ADB,B,1,0.000000,at large burrow,WGS84,,0.000000,0.000000,0.000000,0.000000,,512012.43485700001,3522320.11461000005
508794.602325533,3524195.88730312,04.13.17.105,105.000000,31.853452,-110.907039,2017/04/13,1899/12/30,4.13.232,972.97,Telemetry/visual,5.000000,1.000000,0,NA,NA,at burrow,NA,0,NA,NA,NA,NA,NA,NA,NA,NA,ADB,B,1,0.000000,"in burrow, tail flick, ran off",WGS84,,0.000000,0.000000,0.000000,0.000000,,508794.60232599999,3524195.88730000006
513107.568238287,3520340.54566018,04.13.17.104,104.000000,31.818627,-110.861502,2017/04/13,1899/12/30,4.13.31.2,"1,129.43",Telemetry,32.000000,0.000000,NA,NA,NA,in burrow,NA,0,NA,NA,NA,NA,NA,NA,NA,NA,ADB,B,0,0.000000,waited,WGS84,,0.000000,0.000000,0.000000,0.000000,,513107.56823799998,3520340.54565999983
513185.458979673,3520487.30489284,04.20.17.104,104.000000,31.819951,-110.860677,2017/04/20,1899/12/30,4.20.31.2,"1,137.12",Telemetry,32.000000,0.000000,NA,NA,NA,in burrow,NA,NA,NA,NA,NA,NA,NA,NA,NA,NA,ADB,B,0,0.000000,,WGS84,,0.000000,0.000000,0.000000,0.000000,,513185.45898000000,3520487.30488999980
511406.589200261,3523150.84007356,05.04.17.102,102.000000,31.844000,-110.879442,2017/05/04,1899/12/30,5.4.21,"1,040.50",Telemetry/visual,21.000000,1.000000,0,0,0,vig at burrow,NA,0,0,prickly pear,prickly pear,NA,NA,NA,NA,NA,ADB,B,1,3.000000,"with 3 juveniles, vigilant at burrow, tf. Observe for ~20 minutes",WGS84,"not sure whether these are her juveniles and she moved them across the rd (that seems really far!) or if she was vig for another female. ; also I think this point is pretty far off, probs took it where I observed.? think the point is closer to 5.12.21",0.000000,0.000000,1.000000,0.000000,"think this is the same burrow as 5.12.21, which has better coords. consider throwing this out.",511406.58919999999,3523150.84006999992
511404.120888612,3523158.33454963,5.12.21,102.000000,31.844068,-110.879468,2017/05/12,1899/12/30,,"1,040.74",Telemetry,21.000000,1.000000,1,NA,NA,vig at burrow,NA,0,0,prickly pear,prickly pear,NA,NA,NA,NA,NA,ADB,B,1,0.000000,"found her vig on pp next to burrow she was at before, then she ran off and crossed rd (to E?), found her and another ind. under hack, then she ran off and I found her bnth hack burrow, then ran off again.",WGS84,,2.000000,0.000000,1.000000,0.000000,"seems like there was ~1 week in between these burrow locs, so could have definitely been here every night in between.",511404.12088900001,3523158.33454999980
511097.334252614,3523112.05767353,5.12.237,101.000000,31.843653,-110.882711,2017/05/12,1899/12/30,,"1,034.98",Telemetry,15.000000,1.000000,NA,NA,NA,in burrow,NA,0,NA,NA,NA,NA,NA,NA,NA,NA,ADB,B,0,0.000000,glimpse of her? In burrow,WGS84,,1.000000,1.000000,0.000000,1.000000,may have chased her here,511097.33425299998,3523112.05767000001
511560.520793325,3523157.26459881,5.15.21,102.000000,31.844057,-110.877815,2017/05/15,1899/12/30,,"1,044.35",Telemetry,21.000000,0.000000,NA,NA,NA,in burrow,NA,0,NA,NA,NA,NA,NA,NA,NA,NA,ADB,B,1,0.000000,fresh feed nearby,WGS84,,0.000000,0.000000,0.000000,0.000000,,511560.52079300000,3523157.26459999988
513254.44056073,3520348.80744855,05.16.17.104,104.000000,31.818700,-110.859950,2017/05/16,1899/12/30,5.16.31.2,"1,134.71",Telemetry,32.000000,0.000000,0,0,0,in burrow,NA,0,NA,NA,NA,NA,NA,NA,NA,NA,ADB,J,0,0.000000,"pt on 31.2 in burrow next to wash, no chasing, no visual",WGS84,,0.000000,0.000000,0.000000,0.000000,,513254.44056100002,3520348.80745000020
512059.9877875,3522356.19880183,05.16.17.103,103.000000,31.836824,-110.872546,2017/05/16,1899/12/30,5.16.25,"1,067.66",Telemetry,25.000000,0.000000,1,NA,NA,in burrow,NA,0,NA,NA,NA,NA,NA,NA,NA,NA,ADB,J,1,0.000000,"in nice, big burrow, might be awake? Seemed to run away from me once but found her pretty quickly again, no visual",WGS84,,0.000000,0.000000,0.000000,0.000000,,512059.98778700002,3522356.19879999990
511561.376948818,3523153.15894077,05.16.17.102,102.000000,31.844020,-110.877806,2017/05/16,1899/12/30,5.16.21,"1,043.87",Telemetry,21.000000,0.000000,0,0,0,in burrow,NA,0,NA,NA,NA,NA,NA,NA,NA,NA,ADB,J,1,0.000000,"burrow, no vis, no offspring around, no chasing",WGS84,,0.000000,0.000000,0.000000,0.000000,,511561.37694900000,3523153.15893999999
511270.560721307,3523038.98988142,05.16.17.107,107.000000,31.842992,-110.880881,2017/05/16,1899/12/30,5.16.15.1,"1,040.74",Telemetry,15.100000,0.000000,0,0,0,in burrow,NA,0,NA,NA,NA,NA,NA,NA,NA,NA,ADB,J,1,0.000000,"same place we trapped her at, in burrow, no chasing",WGS84,,0.000000,0.000000,0.000000,0.000000,,511270.56072100002,3523038.98987999978
511127.791615814,3523120.20077381,05.16.17.101,101.000000,31.843727,-110.882389,2017/05/16,1899/12/30,5.16.237,"1,034.98",Telemetry,15.000000,0.000000,0,0,0,in burrow,NA,0,NA,NA,NA,NA,NA,NA,NA,NA,ADB,J,0,0.000000,"in burrow, no visual, no chasing",WGS84,,1.000000,1.000000,0.000000,1.000000,didn't seem to chase her here but seems late in the day,511127.79161600000,3523120.20077000000
508877.245699943,3524134.7248204,05.16.17.105,105.000000,31.852899,-110.906166,2017/05/16,1899/12/30,5.16.5,971.29,Telemetry,5.000000,1.000000,NA,NA,NA,vig at burrow,NA,0,NA,NA,NA,NA,NA,NA,NA,NA,ADB,J,1,1.000000,"juvenile nearby; no ear tags.",WGS84,Juv may not be hers- hers probably still in burrow or still in womb,0.000000,0.000000,0.000000,0.000000,,508877.24570000003,3524134.72482000012
508898.159220355,3524128.25766659,05.19.17.105,105.000000,31.852841,-110.905945,2017/05/19,1899/12/30,5.19.5,973.69,Telemetry,6.000000,0.000000,NA,NA,NA,in burrow,NA,0,NA,NA,NA,NA,NA,NA,NA,NA,ADB,J,1,0.000000,,WGS84,,0.000000,0.000000,0.000000,0.000000,,508898.15921999997,3524128.25767000020
508764.231240758,3524199.11338926,05.19.17.108,108.000000,31.853481,-110.907360,2017/05/19,1899/12/30,5.19.844,965.76,Telemetry,5.000000,0.000000,NA,NA,NA,in burrow,NA,0,NA,NA,NA,NA,NA,NA,NA,NA,ADB,J,1,0.000000,,WGS84,,0.000000,0.000000,0.000000,0.000000,,508764.23124100000,3524199.11339000007
513266.632497777,3520288.42555262,05.22.17.104,104.000000,31.818155,-110.859822,2017/05/22,1899/12/30,5.22.31.2,"1,139.52",Telemetry,32.000000,0.000000,1,NA,NA,in burrow,NA,0,NA,NA,NA,NA,NA,NA,NA,NA,ADB,J,0,0.000000,,WGS84,,0.000000,0.000000,0.000000,0.000000,,513266.63249799999,3520288.42554999981
512056.950607767,3522364.09257982,05.22.17.103,103.000000,31.836895,-110.872578,2017/05/22,1899/12/30,5.22.17.25,"1,071.99",Telemetry,25.000000,1.000000,1,1,1,in burrow,NA,0,NA,NA,NA,NA,NA,NA,NA,NA,ADB,J,1,1.000000,"in burrow, waited and she and juv appeared 3 min later. They stay w/in 1m of each other and nose to nose contact",WGS84,juv emerges around now,0.000000,0.000000,0.000000,0.000000,,512056.95060799998,3522364.09257999994
511579.881803257,3523188.39142645,05.22.17.102,102.000000,31.844337,-110.877610,2017/05/22,1899/12/30,5.22.21,"1,045.79",Telemetry,21.500000,0.000000,NA,NA,NA,in burrow,NA,0,NA,NA,NA,NA,NA,NA,NA,NA,ADB,J,1,0.000000,,WGS84,,0.000000,0.000000,0.000000,0.000000,,511579.88180300000,3523188.39142999984
511200.040127738,3522807.5244392,05.22.17.107,107.000000,31.840905,-110.881629,2017/05/22,1899/12/30,5.22.15.1,"1,052.04",Telemetry,15.100000,1.000000,NA,NA,NA,at burrow,NA,0,NA,NA,NA,NA,NA,NA,NA,NA,ADB,J,1,0.000000,,WGS84,,0.000000,0.000000,0.000000,0.000000,,511200.04012800002,3522807.52443999983
511138.519302802,3523174.13493162,05.22.17.101,101.000000,31.844213,-110.882275,2017/05/22,1899/12/30,5.22.237,"1,045.31",Telemetry,15.000000,1.000000,NA,NA,NA,in burrow,NA,0,NA,NA,NA,NA,NA,NA,NA,NA,ADB,J,0,0.000000,,WGS84,,1.000000,1.000000,0.000000,1.000000,no plants recorded :(,511138.51930300001,3523174.13493000017
508788.51744904,3524120.53636433,05.24.17.108,108.000000,31.852772,-110.907104,2017/05/24,1899/12/30,5.24.884,975.62,Telemetry,6.000000,1.000000,1,NA,NA,in burrow,NA,0,NA,NA,NA,NA,NA,NA,NA,NA,ADB,J,1,0.000000,runs N (?) toward direction of other burrow,WGS84,,0.000000,0.000000,0.000000,0.000000,,508788.51744899998,3524120.53635999979
508919.452812159,3524119.92433922,05.24.17.105,105.000000,31.852766,-110.905720,2017/05/24,1899/12/30,5.24.755,975.62,Telemetry,7.000000,0.000000,NA,NA,NA,in burrow,NA,0,0,cholla,cholla,NA,NA,NA,NA,NA,ADB,J,1,0.000000,,WGS84,,0.000000,0.000000,0.000000,0.000000,,508919.45281200000,3524119.92433999991
513245.111842582,3520317.17067085,05.25.17.104,104.000000,31.818415,-110.860049,2017/05/25,1899/12/30,5.25.095,"1,136.40",Telemetry,32.000000,0.000000,NA,NA,NA,in burrow,NA,0,0,prickly pear,prickly pear,NA,NA,NA,NA,NA,ADB,J,0,0.000000,"waited a few min-nothing; feeding sign on pp nearby",WGS84,,0.000000,0.000000,0.000000,0.000000,,513245.11184299999,3520317.17066999990
512016.50708537,3522317.16548858,05.25.17.103.2,103.000000,31.836473,-110.873006,2017/05/25,1899/12/30,5.25.505,"1,088.09",Telemetry,25.000000,1.000000,NA,NA,NA,in burrow,NA,0,NA,NA,NA,NA,NA,NA,NA,NA,ADB,J,1,0.000000,vis as dove in burrow- waited for 5 min- nothing,WGS84,,0.000000,0.000000,0.000000,0.000000,,512016.50708499999,3522317.16549000004
511129.438365783,3523084.85237012,05.25.17.101,101.000000,31.843408,-110.882372,2017/05/25,1899/12/30,5.25.237,"1,040.50",Telemetry,14.500000,0.000000,NA,NA,NA,in burrow,NA,0,0,prickly pear,prickly pear,NA,NA,NA,NA,NA,ADB,J,0,0.000000,,WGS84,,1.000000,1.000000,0.000000,1.000000,,511129.43836600002,3523084.85236999998
508745.525212887,3524168.77271857,5.30.844,108.000000,31.853208,-110.907558,2017/05/30,1899/12/30,,970.81,Telemetry,5.000000,1.000000,1,NA,NA,in burrow,NA,0,0,cholla,cholla,NA,NA,NA,NA,NA,"ADB, AMB, MAB",J,1,1.000000,".844 runs to burrow when we isolate, obs at burrow: see field journal. 1 unmarked individual with her.",WGS84,weaning?,0.000000,0.000000,0.000000,0.000000,,508745.52521300002,3524168.77271999978
511181.724038056,3523118.6898311,5.30.5138,101.000000,31.843712,-110.881819,2017/05/30,1899/12/30,,"1,041.23",Telemetry,15.000000,0.000000,0,NA,NA,in burrow,NA,0,0,prickly pear,prickly pear,NA,NA,NA,NA,NA,ADB,J,0,0.000000,,WGS84,,1.000000,1.000000,0.000000,1.000000,,511181.72403799999,3523118.68983000005
511990.422488965,3522371.43769542,6.1.3843,109.000000,31.836962,-110.873281,2017/06/01,1899/12/30,,"1,073.43",Telemetry,25.000000,0.000000,0,0,0,in burrow,NA,0,NA,NA,NA,NA,NA,NA,NA,NA,AMB,J,NA,0.000000,obs at burrow for 8 minutes but no visual,WGS84,,0.000000,0.000000,0.000000,0.000000,,511990.42248900002,3522371.43770000013
508831.748957154,3524124.57809642,06.07.17.105,105.000000,31.852808,-110.906647,2017/06/07,1899/12/30,6.7.6146,972.73,Telemetry,6.000000,0.000000,1,NA,NA,in burrow,NA,0,0,hackberry,hackberry,NA,NA,NA,NA,NA,ADB,J,1,0.000000,think we chased her,WGS84,,0.000000,0.000000,0.000000,0.000000,,508831.74895699997,3524124.57810000004
511298.699820949,3522918.29170131,06.07.17.107,107.000000,31.841903,-110.880585,2017/06/07,1899/12/30,6.7.7136,"1,046.51",Telemetry,15.100000,1.000000,1,NA,NA,vig at burrow,10,0,0,hackberry,hackberry,NA,NA,NA,NA,NA,ADB,J,NA,0.000000,"at base of hackberry, then ran away",WGS84,,0.000000,0.000000,0.000000,0.000000,,511298.69982099999,3522918.29169999994
512011.427012286,3522372.8366366,06.07.17.103,103.000000,31.836975,-110.873059,2017/06/07,1899/12/30,6.7.0338,"1,062.37",Telemetry,25.000000,0.000000,1,NA,NA,in burrow,NA,0,0,NA,NA,NA,NA,NA,NA,NA,ADB,J,1,0.000000,,WGS84,,0.000000,0.000000,0.000000,0.000000,,512011.42701200000,3522372.83663999988
513207.278520491,3520446.50067686,06.07.17.104,104.000000,31.819582,-110.860447,2017/06/07,1899/12/30,6.7.0936,"1,138.32",Telemetry,32.000000,0.000000,0,NA,NA,in burrow,NA,0,0,NA,NA,NA,NA,NA,NA,NA,ADB,J,0,0.000000,,WGS84,,0.000000,0.000000,0.000000,0.000000,,513207.27851999999,3520446.50068000006
512055.196657649,3522326.68649726,06.08.17.103,103.000000,31.836558,-110.872597,2017/06/08,1899/12/30,6.8.0338,"1,074.15",Telemetry,25.000000,0.000000,0,NA,NA,in burrow,NA,0,0,prickly pear,prickly pear,NA,NA,NA,NA,NA,"ADB, AMB",J,1,0.000000,"waited 10 min, 2 alarm calls to NW but no visual of caller",WGS84,,0.000000,0.000000,0.000000,0.000000,,512055.19665800000,3522326.68649999984
511927.739149959,3522327.26267938,06.08.17.109,109.000000,31.836565,-110.873944,2017/06/08,1899/12/30,6.8.3840,"1,075.83",Telemetry,25.400000,0.000000,0,NA,NA,in burrow,NA,0,0,"mesquite, grass, prickly pear",mesquite,grass,prickly pear,NA,NA,NA,"ADB, AMB",J,NA,0.000000,"in burrow? waited 10 min, alarm calls while we watched",WGS84,,0.000000,0.000000,0.000000,0.000000,,511927.73914999998,3522327.26268000016
511183.869090386,3523060.33825376,06.08.17.101,101.000000,31.843186,-110.881797,2017/06/08,1899/12/30,6.8.5136,"1,042.91",Telemetry,15.000000,0.000000,0,NA,NA,in burrow,NA,0,0,hackberry?,hackberry,NA,NA,NA,NA,NA,"ADB, AMB",J,0,0.000000,collar dying- signal only heard form 30m away,WGS84,,2.000000,1.000000,0.000000,1.000000,,511183.86908999999,3523060.33825000003
511580.170275709,3523184.28512998,06.12.17.102,102.000000,31.844300,-110.877607,2017/06/12,1899/12/30,6.12.5838,"1,051.00",Telemetry,21.000000,1.000000,1,NA,NA,run to burrow,NA,NA,0,prickly pear,prickly pear,NA,NA,NA,NA,NA,ADB,J,NA,0.000000,"running behind pp, in burrow",WGS84,no burrow within 10m… not sure where nearest burrow is…?,0.000000,0.000000,0.000000,0.000000,,511580.17027599999,3523184.28513000021
511874.409547761,3522376.59893134,6.12.17.384,109.000000,31.837010,-110.874507,2017/06/12,1899/12/30,,"1,072.00",Telemetry,25.400000,0.000000,1,NA,NA,in burrow,NA,0,0,prickly pear,prickly pear,NA,NA,NA,NA,NA,ADB,J,NA,0.000000,"Waited 5 min- nothing; didn't run too much",WGS84,,0.000000,0.000000,0.000000,0.000000,,511874.40954800003,3522376.59892999986
513214.155288732,3520397.71679673,06.12.17.036,104.000000,31.819142,-110.860375,2017/06/12,1899/12/30,,"1,134.00",Telemetry,32.000000,0.000000,0,NA,NA,in burrow,NA,0,0,prickly pear,prickly pear,NA,NA,NA,NA,NA,ADB,J,0,0.000000,,WGS84,,0.000000,0.000000,0.000000,0.000000,,513214.15528900002,3520397.71680000005
512062.67149592,3522326.99231844,06.13.17.0338,103.000000,31.836561,-110.872518,2017/06/13,1899/12/30,,"1,076.00",Telemetry,25.000000,0.000000,0,NA,NA,in burrow,NA,0,0,pirckly pear,prickly pear,NA,NA,NA,NA,NA,ADB,J,1,0.000000,,WGS84,,0.000000,0.000000,0.000000,0.000000,,512062.67149600002,3522326.99232000019
512037.799541005,3522395.97317422,06.14.17.035.2,103.000000,31.837183,-110.872780,2017/06/14,1899/12/30,6.14.035,"1,073.00",Telemetry,25.000000,0.000000,0,NA,NA,in burrow,NA,0,6,NA,NA,NA,NA,NA,NA,NA,ADB,J,1,0.000000,"no vegetation w/in 5m, next to wash",WGS84,>5m from cover,0.000000,0.000000,0.000000,0.000000,,512037.79954099999,3522395.97317000013
511936.467617912,3522307.30722749,06.14.17.384,109.000000,31.836384,-110.873852,2017/06/14,1899/12/30,6.14.384,"1,075.00",Telemetry,25.000000,0.000000,1,NA,NA,in burrow,NA,0,0,prickly pear,prickly pear,NA,NA,NA,NA,NA,ADB,J,NA,0.000000,next to wash,WGS84,,0.000000,0.000000,0.000000,0.000000,,511936.46761800000,3522307.30722999992
513214.730771804,3520465.42614188,06.14.17.0934,104.000000,31.819753,-110.860368,2017/06/14,1899/12/30,6.14.0934,"1,133.00",Telemetry,32.000000,0.000000,0,NA,NA,in burrow,NA,0,0,prickly pear,prickly pear,NA,NA,NA,NA,NA,ADB,J,0,0.000000,,WGS84,,0.000000,0.000000,0.000000,0.000000,,513214.73077199998,3520465.42614000011
508905.286014819,3524201.22319081,06.21.17.683,106.000000,31.853499,-110.905869,2017/06/21,1899/12/30,,975,Telemetry,6.000000,0.000000,0,NA,NA,in burrow,NA,0,NA,mesquite,mesquite,NA,NA,NA,NA,NA,"ADB, AMB",J,1,0.000000,,WGS84,,0.000000,0.000000,0.000000,0.000000,,508905.28601500002,3524201.22318999982
508911.630163781,3524194.78001957,06.21.17.683.2,106.000000,31.853441,-110.905802,2017/06/21,1899/12/30,,975,Telemetry,6.000000,0.000000,0,NA,NA,in burrow,NA,0,NA,mesquite,mesquite,NA,NA,NA,NA,NA,"ADB, AMB",J,1,0.000000,,WGS84,,0.000000,0.000000,0.000000,0.000000,,508911.63016399997,3524194.78001999995
508864.184778902,3524140.8640538,06.21.17.615,105.000000,31.852955,-110.906304,2017/06/21,1899/12/30,,973,Telemetry,5.000000,0.000000,0,NA,NA,in burrow,NA,0,NA,ephedra,ephedra,NA,NA,NA,NA,NA,"ADB, AMB",J,1,0.000000,,WGS84,,0.000000,0.000000,0.000000,0.000000,,508864.18477900000,3524140.86404999997
508628.345420316,3524237.82338511,06.21.17.844,108.000000,31.853831,-110.908796,2017/06/21,1899/12/30,6.21.844,970,Telemetry,5.000000,0.000000,0,NA,NA,in burrow,NA,0,NA,mesquite,mesquite,NA,NA,NA,NA,NA,"ADB, AMB",J,1,0.000000,,WGS84,,0.000000,0.000000,0.000000,0.000000,,508628.34542000003,3524237.82339000003
512046.911552914,3522291.11270145,06.21.17.035,103.000000,31.836237,-110.872685,2017/06/21,1899/12/30,6.21.035,"1,075.00",Telemetry,25.000000,1.000000,0,NA,NA,in burrow,NA,0,NA,"dead cholla, grasses",dead cholla,grass,NA,NA,NA,NA,ADB,J,1,1.000000,in burrow right next to where we saw juv run from…,WGS84,,0.000000,0.000000,0.000000,0.000000,,512046.91155299998,3522291.11269999994
513187.697050035,3520365.64907687,06.21.17.095,104.000000,31.818853,-110.860655,2017/06/21,1899/12/30,,"1,136.00",Telemetry,32.000000,0.000000,NA,NA,NA,in burrow,NA,NA,NA,prickly pear,prickly pear,NA,NA,NA,NA,NA,,J,0,0.000000,no visual- in open area w/ prickly pear patch,WGS84,,0.000000,0.000000,0.000000,0.000000,,513187.69705000002,3520365.64907999989
508743.282769665,3524135.77151504,06.22.17.615,105.000000,31.852910,-110.907582,2017/06/22,1899/12/30,,973,Telemetry,5.000000,0.000000,0,0,0,in burrow,NA,0,0,small mesquite <5m tall,mesquite,NA,NA,NA,NA,NA,ADB,J,1,0.000000,"no movement; voice memo w/ burrow obs",WGS84,,0.000000,0.000000,0.000000,0.000000,,508743.28276999999,3524135.77151999995
513080.382808085,3520433.38799898,06.22.17.0938,104.000000,31.819465,-110.861788,2017/06/22,1899/12/30,06.22.0938,"1,135.00",Telemetry,32.000000,0.000000,0,NA,NA,in burrow,NA,0,NA,"prickly pear, mesquite",prickly pear,mesquite,NA,NA,NA,NA,ADB,J,0,0.000000,took awhile to find- other side of rd,WGS84,,0.000000,0.000000,0.000000,0.000000,,513080.38280800002,3520433.38799999980
513170.946574036,3520364.90272103,06.23.17.0936,104.000000,31.818846,-110.860832,2017/06/23,1899/12/30,,"1,136.00",Telemetry,32.000000,0.000000,0,NA,NA,in burrow,NA,0,NA,"prickly pear, grasses",prickly pear,grass,NA,NA,NA,NA,"ADB, MAB",J,0,0.000000,"very grassy burrow, dead cholla",WGS84,,0.000000,0.000000,0.000000,0.000000,,513170.94657400000,3520364.90272000013
511927.762870122,3522306.82383536,06.23.17.384,109.000000,31.836380,-110.873944,2017/06/23,1899/12/30,,"1,069.00",Telemetry,25.000000,0.000000,0,NA,NA,in burrow,NA,0,NA,"prickly pear, hackberry, grasses",prickly pear,hackberry,grass,NA,NA,NA,"ADB, MAB",J,NA,0.000000,,WGS84,,0.000000,0.000000,0.000000,0.000000,,511927.76286999998,3522306.82384000020
512047.809308438,3522332.4658932,06.23.17.034,103.000000,31.836610,-110.872675,2017/06/23,1899/12/30,,"1,071.00",Telemetry,25.000000,0.000000,0,NA,NA,in burrow,NA,0,NA,"pricklyh pear, palo verde, and grasses",prickly pear,palo verde,grass,NA,NA,NA,"ADB, MAB",J,1,0.000000,,WGS84,,0.000000,0.000000,0.000000,0.000000,,512047.80930800003,3522332.46589000011
511224.039249958,3522838.58025907,06.23.17.714,107.000000,31.841185,-110.881375,2017/06/23,1899/12/30,,"1,046.00",Telemetry,15.000000,0.000000,1,120,120,in burrow,NA,0,NA,"prickly pear, small mesquite, hackberry",prickly pear,mesquite,hackberry,NA,NA,NA,"ADB, MAB",J,NA,0.000000,moved 120m from where we 1st heard stron gsignal (>6 bars),WGS84,,0.000000,0.000000,0.000000,0.000000,,511224.03924999997,3522838.58026000019
512061.254118197,3522325.31918968,6.28.17.034,103.000000,31.836546,-110.872533,2017/06/28,1899/12/30,,"1,071.00",Telemetry,25.000000,0.000000,0,0,0,in burrow,NA,0,NA,"p. pear, hackberry, grass",prickly pear,hackberry,grass,NA,NA,NA,"AMB, ERS",J,1,0.000000,no visual,WGS84,,0.000000,0.000000,0.000000,0.000000,,512061.25411799998,3522325.31919000018
511584.680063513,3523212.4214035,6.28.17.5838,102.000000,31.844554,-110.877559,2017/06/28,1899/12/30,,"1,048.00",Telemetry,21.000000,0.000000,0,0,0,in burrow,NA,0,0,"hackberry, grass",hackberry,grass,NA,NA,NA,NA,"AMB, ERS",J,NA,0.000000,picked up signal 10m away from burrow. Waited outside burrow but no visual,WGS84,,0.000000,0.000000,0.000000,0.000000,,511584.68006400001,3523212.42139999988
511915.804572667,3522337.70990254,6.29.17.3838,109.000000,31.836659,-110.874070,2017/06/29,1899/12/30,,"1,074.00",Telemetry,25.400000,0.000000,1,82,82,in burrow,NA,0,NA,"p. pear, mesquite, grass",prickly pear,mesquite,grass,NA,NA,NA,"AMB, ERS",J,NA,0.000000,"heard beeps south, gave up and started walking back to truck when we picked up her signal again about 82m from where we heard the first beeps. we were about 10m from where we picked up her signal again to the burrow she was in.",WGS84,,0.000000,0.000000,0.000000,0.000000,,511915.80457300000,3522337.70990000013
511516.695250852,3523174.00320601,6.30.17.5838,102.000000,31.844208,-110.878278,2017/06/30,1899/12/30,,"1,047.00",Telemetry,21.000000,0.000000,0,0,0,in burrow,NA,0,NA,"p. pear, mesquite, bush",prickly pear,mesquite,bush,NA,NA,NA,"AMB, KAS",J,NA,0.000000,super fresh feeding of p. pear fruit outside burrow. no visual,WGS84,,0.000000,0.000000,0.000000,0.000000,,511516.69525100000,3523174.00321000023
511962.68443541,3522301.92207291,6.30.17.3838,109.000000,31.836336,-110.873575,2017/06/30,1899/12/30,,"1,085.00",Telemetry,25.400000,0.000000,0,0,0,in burrow,NA,0,NA,"hackberry, grass",hackberry,grass,NA,NA,NA,NA,"AMB, KAS",J,NA,0.000000,only heard beeps when 10m away,WGS84,,0.000000,0.000000,0.000000,0.000000,,511962.68443500000,3522301.92206999986
511566.447911142,3523187.14042881,07.07.17.585,102.000000,31.844326,-110.877752,2017/07/07,1899/12/30,,"1,047.00",Telemetry,21.000000,0.000000,0,0,0,in burrow,NA,0,0,NA,NA,NA,NA,NA,NA,NA,"ADB, AMB",J,NA,0.000000,"in burrow, collar still works at 30m, full bars at 2%",WGS84,,0.000000,0.000000,0.000000,0.000000,,511566.44791100000,3523187.14043000014
511583.548868821,3523208.71363877,7.11.17.5838,102.000000,31.844521,-110.877571,2017/07/11,1899/12/30,,"1,048.00",Telemetry,21.000000,0.000000,0,NA,NA,in burrow,NA,0,NA,NA,NA,NA,NA,NA,NA,NA,AMB,J,NA,0.000000,,WGS84,,0.000000,0.000000,0.000000,0.000000,,511583.54886899999,3523208.71364000021
511586.101585071,3523210.37911692,7.12.17.5838,102.000000,31.844536,-110.877544,2017/07/12,1899/12/30,,"1,047.00",Telemetry,21.000000,0.000000,0,NA,NA,in burrow,NA,0,NA,NA,NA,NA,NA,NA,NA,NA,AMB,J,NA,0.000000,,WGS84,,0.000000,0.000000,0.000000,0.000000,,511586.10158500000,3523210.37912000017
511238.945022682,3522965.19791839,7.12.17.714,107.000000,31.842327,-110.881216,2017/07/12,1899/12/30,,"1,040.00",Telemetry,15.000000,0.000000,0,NA,NA,in burrow,NA,0,NA,NA,NA,NA,NA,NA,NA,NA,"AMB, KAS",J,NA,0.000000,,WGS84,,0.000000,0.000000,0.000000,0.000000,,511238.94502300001,3522965.19792000018
508775.042112698,3524168.84444666,7.12.17.614,105.000000,31.853208,-110.907246,2017/07/12,1899/12/30,,968,Telemetry,5.000000,0.000000,0,NA,NA,in burrow,NA,0,NA,NA,NA,NA,NA,NA,NA,NA,"AMB, KAS",J,1,0.000000,,WGS84,,0.000000,0.000000,0.000000,0.000000,,508775.04211300000,3524168.84445000021
511248.321983506,3522956.15920632,07.20.17.714,107.000000,31.842245,-110.881117,2017/07/20,1899/12/30,,"1,046.00",Telemetry/visual,15.100000,1.000000,0,0,0,in burrow,20,0,0,prickly pear,prickly pear,NA,NA,NA,NA,NA,"ADB, AMB",J,NA,0.000000,Saw ind. Dive into burrow while AMB was trying to isolate signal. Then isolated her signal to a hole beneath a prickly pear- I think this is actually the next closest prickly pear (2m away from the prickly pear I thought the ind had dove into. So there m,WGS84,,0.000000,0.000000,0.000000,0.000000,,511248.32198399998,3522956.15921000019
508871.886202622,3524205.99698535,07.20.19.615,105.000000,31.853542,-110.906222,2017/07/20,1899/12/30,,976,Telemetry,6.000000,0.000000,0,0,0,in burrow,NA,NA,NA,NA,NA,NA,NA,NA,NA,NA,"ADB, AMB",J,1,0.000000,forgot to note vegetation around burrow- but not underneath any plants.,WGS84,,0.000000,0.000000,0.000000,0.000000,,508871.88620299997,3524205.99698999990
508753.496919241,3524139.63523112,07.26.17.615.2,105.000000,31.852945,-110.907474,2017/07/26,1899/12/30,,974,Telemetry/visual,5.000000,1.000000,0,NA,NA,at burrow,25,0,1,"catclaw acacia, cholla, grass",catclaw acacia,cholla,grass,NA,NA,NA,"ADB, AMB",J,1,0.000000,"found sitting outside burrow, weint into burrow. Very fresh feeidng sign on pp nearby",WGS84,,0.000000,0.000000,0.000000,0.000000,,508753.49691900000,3524139.63523000013
508767.132729608,3524124.9217632,07.28.17.615,105.000000,31.852812,-110.907330,2017/07/28,1899/12/30,,971,Telemetry,5.000000,0.000000,0,NA,NA,in burrow,NA,0,0,"hackberry, mesquite",hackberry,mesquite,NA,NA,NA,NA,"KAS, AMB",J,1,0.000000,,WGS84,,2.000000,1.000000,0.000000,0.000000,AMB found her in this burrow once ~2 mo ago.,508767.13273000001,3524124.92175999982
511596.300870789,3523143.46211328,07.28.17.084.3,102.000000,31.843932,-110.877437,2017/07/28,1899/12/30,,"1,054.00",Telemetry,21.000000,0.000000,0,NA,NA,in burrow,NA,0,0.5,"prickly pear, mesquite, cholla",prickly pear,mesquite,cholla,NA,NA,NA,ADB,J,NA,0.000000,found her in burrow,WGS84,,0.000000,0.000000,0.000000,0.000000,,511596.30087099998,3523143.46211000020
508754.662018337,3524215.63258683,08.03.17.185,518.000000,31.853630,-110.907461,2017/08/03,1899/12/30,,966,Telemetry,4.000000,0.000000,0,NA,NA,in burrow,NA,0,0,"prickly pear, cholla, burroweed",prickly pear,cholla,burrow weed,NA,NA,NA,ADB,J,0,0.000000,burrow weed is bigger than other areas,WGS84,,0.000000,0.000000,0.000000,0.000000,,508754.66201799997,3524215.63259000005
508690.886987817,3524228.7717146,08.10.17.275,108.000000,31.853749,-110.908135,2017/08/10,1899/12/30,,963,Telemetry,3.500000,0.000000,0,0,0,in burrow,NA,0,NA,"cholla, prickly pear",cholla,prickly pear,NA,NA,NA,NA,AMB,J,0,0.000000,,WGS84,,0.000000,0.000000,0.000000,0.000000,,508690.88698800001,3524228.77171000000
508749.932916919,3524214.27187482,08.10.17.185,518.000000,31.853618,-110.907511,2017/08/10,1899/12/30,,968,Telemetry,5.000000,0.000000,0,0,0,in burrow,NA,0,NA,"cholla, prickly pear, catclaw acacia?grass",cholla,prickly pear,catclaw acacia,grass,NA,NA,AMB,J,0,0.000000,,WGS84,,0.000000,0.000000,0.000000,0.000000,,508749.93291700003,3524214.27186999982
508689.467519577,3524229.23493336,08.17.17.275,108.000000,31.853753,-110.908150,2017/08/17,1899/12/30,,964,Telemetry,5.000000,0.000000,0,0,0,in burrow,NA,0,NA,"prickly pear, cholla, grass",prickly pear,cholla,grass,NA,NA,NA,"AMB, BKM",NB,0,0.000000,,WGS84,,0.000000,0.000000,0.000000,0.000000,,508689.46752000001,3524229.23492999980
511126.016275838,3523012.17866911,08.17.17.0514,101.000000,31.842752,-110.882409,2017/08/17,1899/12/30,,"1,044.00",Telemetry,14.000000,0.000000,0,0,0,in burrow,NA,0,0,"cholla, barrel cactus",cholla,barrel cactus,NA,NA,NA,NA,"AMB, BKM",NB,0,0.000000,,WGS84,,1.000000,1.000000,0.000000,1.000000,,511126.01627600001,3523012.17866999982
511513.358986477,3523196.08322573,08.17.17.085,102.000000,31.844407,-110.878313,2017/08/17,1899/12/30,,"1,049.00",Telemetry,21.000000,0.000000,0,0,0,in burrow,NA,0,0,prickly pear,prickly pear,NA,NA,NA,NA,NA,"AMB, BKM",NB,0,0.000000,,WGS84,,0.000000,0.000000,0.000000,0.000000,,511513.35898600001,3523196.08322999999
512057.753386406,3522325.05460834,08.17.17.034,103.000000,31.836543,-110.872570,2017/08/17,1899/12/30,,"1,074.00",Telemetry,21.000000,0.000000,0,0,0,in burrow,NA,NA,NA,prickly pear,prickly pear,NA,NA,NA,NA,NA,ADB,NB,0,0.000000,,WGS84,,0.000000,0.000000,0.000000,0.000000,,512057.75338600000,3522325.05460999999
508754.669556683,3524206.78866631,08.25.17.185,518.000000,31.853550,-110.907461,2017/08/25,1899/12/30,,975,Telemetry,5.000000,0.000000,1,~12?,12,in burrow,NA,0,0,"prickly pear, mesquite, cholla, burroweed",prickly pear,mesquite,cholla,burrow weed,NA,NA,ADB,NB,0,0.000000,in burrow bneath pp and cholla. I think he was originally closer to the road and then ran into the burrow but I can't be sure.,WGS84,,0.000000,0.000000,0.000000,0.000000,,508754.66955699999,3524206.78867000015
511605.876030497,3523210.38259191,08.28.17.085,102.000000,31.844535,-110.877335,2017/08/28,1899/12/30,08.29.17.085,"1,046.00",Telemetry,21.000000,0.000000,0,0,0,in burrow,NA,0,NA,"mesquite, prickly pear, grasses",mesquite,prickly pear,grass,NA,NA,NA,ADB,NB,0,0.000000,"strong, full signal but don't see burrow hole",WGS84,,0.000000,0.000000,0.000000,0.000000,,511605.87602999998,3523210.38259000005
508862.737296248,3524173.77010328,08.28.17.685,106.000000,31.853252,-110.906319,2017/08/28,1899/12/30,,966,Telemetry/visual,0.000000,1.000000,0,5,5,run to burrow,2,5,5,"cholla, prickly pear, mesquite",cholla,prickly pear,mesquite,NA,NA,NA,ADB,NB,1,0.000000,"run btwn veg to burrow; got bars on her then saw her next to me bnth cholla, run to just outside burrow, vig, no visual on collar- think went in burrow when I app.",WGS84,,0.000000,0.000000,0.000000,0.000000,,508862.73729600001,3524173.77009999985
508736.911970221,3524284.84151566,08.28.17.275.2,108.000000,31.854255,-110.907648,2017/08/28,1899/12/30,,964,Telemetry,0.000000,1.000000,1,<10/30,40,run to burrow,15,NA,1,"barrel cactus, mesquite, grasses",barrel cactus,mesquite,grass,NA,NA,NA,ADB,NB,0,1.000000,"run btwn veg to burrow; next to .185- moving in same direction. She crossed rd to S",WGS84,no burrow within 10m… not sure where nearest burrow is…?,0.000000,0.000000,0.000000,0.000000,,508736.91197000002,3524284.84151999978
508773.015225989,3524215.87103556,08.30.17.185,518.000000,31.853632,-110.907267,2017/08/30,1899/12/30,,974,Telemetry,5.000000,0.000000,0,0,0,in burrow,NA,0,0,"ephedra, mesquite, cholla, burrowweed",ephedra,mesquite,cholla,burrow weed,NA,NA,BKM,NB,0,0.000000,,WGS84,,0.000000,0.000000,0.000000,0.000000,,508773.01522599999,3524215.87104000011
512033.098257383,3522370.50220574,08.30.17.034,103.000000,31.836954,-110.872830,2017/08/30,1899/12/30,,"1,079.00",Telemetry/visual,25.000000,1.000000,0,0,0,in burrow,2,0,1,"hackberry, cholla, mesquite",hackberry,cholla,mesquite,NA,NA,NA,ADB,NB,0,0.000000,saw glimpse of tail go into burrow- isolated signal,WGS84,,0.000000,0.000000,0.000000,0.000000,,512033.09825699998,3522370.50221000006
508642.730241319,3524232.04741266,09.03.17.275,108.000000,31.853779,-110.908644,2017/09/03,1899/12/30,,962,Telemetry,4.000000,0.000000,1,70?,70,in burrow,NA,0,0,"cholla, mesquite, prickly pear",cholla,mesquite,prickly pear,NA,NA,NA,ADB,NB,0,0.000000,"in burrow where I usually find her, she was closer to rd originally, not exactly sure how far she moved. Fresh pp feeding nearby",WGS84,,0.000000,0.000000,0.000000,0.000000,,508642.73024100001,3524232.04741000012
511491.792416782,3523191.08901655,09.03.17.085,102.000000,31.844362,-110.878541,2017/09/03,1899/12/30,,"1,046.00",Telemetry,21.000000,0.000000,0,0,0,in burrow,NA,0,0,"mesquite, cholla",mesquite,cholla,NA,NA,NA,NA,ADB,NB,0,0.000000,no bars until at 3m,WGS84,,0.000000,0.000000,0.000000,0.000000,,511491.79241699999,3523191.08901999984
508825.537955972,3524196.27628558,09.07.17.685,106.000000,31.853455,-110.906712,2017/09/07,1899/12/30,,968,Telemetry,5.200000,0.000000,0,0,0,in burrow,NA,0,NA,"mesquite, grasses, ephedra, cholla",mesquite,grass,ephedra,cholla,NA,NA,ADB,NB,1,0.000000,Still using main mesquite burrow. Beeps at 10m,WGS84,,4.000000,2.000000,2.000000,0.000000,,508825.53795600001,3524196.27628999995
511204.672739292,3522984.44774731,09.07.17.396,507.000000,31.842501,-110.881578,2017/09/07,1899/12/30,,"1,043.00",Telemetry,15.150000,0.000000,0,0,0,in burrow,NA,0,NA,"catclaw acacia, prickly pear, grass, barrel",catclaw acacia,prickly pear,grass,barrel cactus,NA,NA,ADB,NB,0,0.000000,burrow right next to traps,WGS84,,0.000000,0.000000,0.000000,0.000000,,511204.67273900000,3522984.44774999982
512024.67704235,3522370.35379965,09.15.17.035,103.000000,31.836952,-110.872919,2017/09/15,1899/12/30,,"1,075.00",Telemetry,25.000000,0.000000,0,0,0,in burrow,NA,0,1,"hackberry, mesquite, cholla",hackberry,mesquite,cholla,NA,NA,NA,ADB,NB,0,0.000000,"in burrow, 1m from cover didn't pick up until w/in 5m- full bars",WGS84,,0.000000,0.000000,0.000000,0.000000,,512024.67704200000,3522370.35380000016
508773.86631436,3524216.29073793,09.15.17.185,518.000000,31.853636,-110.907258,2017/09/15,1899/12/30,,973,Telemetry,5.000000,0.000000,0,0,0,in burrow,NA,0,0,"ephedra, mesquite, cholla, prickly pear, burrowweed",ephedra,mesquite,cholla,prickly pear,burrow weed,NA,ADB,NB,0,0.000000,heard skips but not sure if actually moved or me swinging antenna. Wonder if other unmarked is in here too?,WGS84,,0.000000,0.000000,0.000000,0.000000,,508773.86631399998,3524216.29074000008
508764.792847385,3524206.1743791,09.16.17.185,518.000000,31.853545,-110.907354,2017/09/16,1899/12/30,,967,Telemetry,5.000000,0.000000,0,0,0,in burrow,NA,0,0,"prickly pear, cholla, burrowweed, mesquite",prickly pear,cholla,burrow weed,mesquite,NA,NA,ADB,NB,0,0.000000,different burrow than last night,WGS84,,0.000000,0.000000,0.000000,0.000000,,508764.79284700000,3524206.17438000022
511215.268452513,3522985.68630497,09.16.17.396,507.000000,31.842512,-110.881466,2017/09/16,1899/12/30,,"1,041.00",Telemetry,15.160000,0.000000,0,0,0,in burrow,NA,0,0,"catclaw acacia, prickly pear, grasses, mesquite",catclaw acacia,prickly pear,grass,mesquite,NA,NA,ADB,NB,0,0.000000,different burrow than last night,WGS84,,0.000000,0.000000,0.000000,0.000000,,511215.26845300000,3522985.68630000018
511556.994801529,3523263.81333292,09.16.17.085.2,102.000000,31.845018,-110.877851,2017/09/16,1899/12/30,,"1,034.00",Telemetry/visual,21.000000,1.000000,0,5,5,at burrow,5,0,0,"prickly pear, mesquite",prickly pear,mesquite,NA,NA,NA,NA,ADB,NB,0,0.000000,"vig at burrow; no ear tags",WGS84,,0.000000,0.000000,0.000000,0.000000,,511556.99480200000,3523263.81332999980
508772.359210646,3524208.58717604,09.18.17.185,518.000000,31.853567,-110.907274,2017/09/18,1899/12/30,,975,Telemetry,5.000000,0.000000,0,0,0,in burrow,NA,0,1,burrow weed,burrow weed,NA,NA,NA,NA,NA,ADB,NB,0,0.000000,,WGS84,,0.000000,0.000000,0.000000,0.000000,,508772.35921099997,3524208.58717999980
511558.572102725,3523291.49185582,09.18.17.505,116.000000,31.845268,-110.877834,2017/09/18,1899/12/30,,"1,044.00",Telemetry,21.000000,0.000000,0,0,0,in burrow,NA,0,0,"hackberry, prickly pear, mesquite, grass",hackberry,prickly pear,mesquite,grass,NA,NA,ADB,NB,NA,1.000000,"Saw ind run down runway past burrow, no skips so I think unm here too",WGS84,,0.000000,0.000000,0.000000,0.000000,,511558.57210300001,3523291.49185999995
511596.262000728,3523177.9022697,09.18.17.085,102.000000,31.844242,-110.877437,2017/09/18,1899/12/30,,"1,048.00",Telemetry,21.500000,0.000000,0,0,0,in burrow,0,0,0,"prickly pear, mesquite, grass",prickly pear,mesquite,grass,NA,NA,NA,ADB,NB,0,0.000000,,WGS84,,0.000000,0.000000,0.000000,0.000000,,511596.26200100000,3523177.90226999996
512033.898025819,3522293.55034247,09.18.17.034,103.000000,31.836259,-110.872822,2017/09/18,1899/12/30,,"1,078.00",Telemetry,25.000000,0.000000,0,0,0,in burrow,0,0,0,"grass, cholla, mesquite, barrel cactus, prickly pear",grass,cholla,mesquite,barrel cactus,prickly pear,NA,ADB,NB,0,0.000000,"retook point in Dec, it was slightly off",WGS84,,0.000000,0.000000,0.000000,0.000000,,512033.89802600001,3522293.55034000007
511229.656846636,3522979.58808845,09.20.17.396,507.000000,31.842457,-110.881314,2017/09/20,1899/12/30,09.19.17.396,"1,046.00",Telemetry,15.160000,0.000000,NA,0,0,in burrow,NA,NA,NA,"prickly pear, grass, hackberry, mesquite, cholla, catclaw acacia",prickly pear,grass,hackberry,mesquite,cholla,catclaw acacia,ADB,NB,0,0.000000,,WGS84,,0.000000,0.000000,0.000000,0.000000,,511229.65684700001,3522979.58809000021
512083.381199442,3522337.7758726,09.22.17.034.2,103.000000,31.836658,-110.872299,2017/09/22,1899/12/30,,"1,075.00",Telemetry,25.000000,0.000000,1,10,10,in burrow,NA,0,0,"prikcly pear, burrow weed, grass, catclaw acacia, palo verde, mesquite",prickly pear,burrow weed,grass,catclaw acacia,palo verde,mesquite,ADB,NB,0,0.000000,found here 2 min later,WGS84,,0.000000,0.000000,0.000000,0.000000,,512083.38119900000,3522337.77587000001
511208.834123524,3522986.05059787,10.02.17.394,507.000000,31.842515,-110.881534,2017/10/02,1899/12/30,,"1,044.00",Telemetry,15.150000,0.000000,0,NA,NA,in burrow,NA,0,0,"catclaw, prickly pear, grass, mesquite",catclaw acacia,prickly pear,grass,mesquite,NA,NA,ADB,NB,0,0.000000,,WGS84,,0.000000,0.000000,0.000000,0.000000,,511208.83412399999,3522986.05060000019
511608.956681445,3523163.48856396,10.16.17.084,102.000000,31.844112,-110.877303,2017/10/16,1899/12/30,,"1,050.00",Telemetry,21.000000,1.000000,0,30,0,at burrow,10,0,0,"prickly pear, grass, cholla, mesquite, hackberry, palo verde",prickly pear,grass,cholla,mesquite,hackberry,palo verde,ADB,NB,0,0.000000,"run from burrow, btwn veg to pp, then run S 20m, then E oos",WGS84,,0.000000,0.000000,0.000000,0.000000,,511608.95668100001,3523163.48855999997
511223.22689582,3522975.93997128,10.19.17.396,507.000000,31.842424,-110.881382,2017/10/19,1899/12/30,10.19.17.396.2,"1,044.00",Telemetry,15.150000,0.000000,0,0,0,in burrow,NA,0,0,"prickly pear, cholla, mesquite, grass, hackberry",prickly pear,cholla,mesquite,grass,hackberry,NA,ADB,NB,1,0.000000,"Originally tracked him further East and lost signal, went back and retraced signal and found him in burrow…was probably here the whole time.",WGS84,,0.000000,0.000000,0.000000,0.000000,,511223.22689599998,3522975.93997000018
511570.501209319,3523116.56430818,11.03.17.084,102.000000,31.843689,-110.877710,2017/11/03,1899/12/30,,"1,050.00",Telemetry,21.500000,0.000000,NA,NA,NA,in burrow,NA,0,0,"prickly pear, grass, mesquite, burrwoweed",prickly pear,grass,mesquite,burrow weed,NA,NA,ADB,NB,0,0.000000,,WGS84,,0.000000,0.000000,0.000000,0.000000,,511570.50120900001,3523116.56430999981
511559.137266079,3523293.73145974,11.03.17.504,116.000000,31.845288,-110.877828,2017/11/03,1899/12/30,,"1,044.00",Telemetry,21.000000,0.000000,0,NA,NA,in burrow,NA,0,0,"mesquite, hackberry, pricky pear",mesquite,hackberry,prickly pear,NA,NA,NA,ADB,NB,NA,0.000000,"don't see hole… dead? Full bars, collar definitely here. No hole and no loose collar seen…",WGS84,,0.000000,0.000000,0.000000,0.000000,,511559.13726599998,3523293.73145999992
511295.616024962,3522969.27357418,11.04.17.754,521.000000,31.842363,-110.880617,2017/11/04,1899/12/30,,"1,045.00",Telemetry,15.150000,0.000000,0,NA,NA,in burrow,NA,0,0,"prickly pear, catclaw acacia, grass, mesquite",prickly pear,catclaw acacia,grass,mesquite,NA,NA,ADB,NB,1,0.000000,"full bars below pp, was probably in this area the entire night since I localized to right around here last night before giving up.",WGS84,,0.000000,0.000000,0.000000,0.000000,,511295.61602500000,3522969.27357000019
512164.05345678,3522532.19110837,11.08.17.325,118.000000,31.838411,-110.871444,2017/11/08,1899/12/30,,"1,078.00",Telemetry,25.000000,0.000000,NA,NA,NA,in burrow,NA,0,0,"cholla, prickly pear, mesquite, grass",cholla,prickly pear,mesquite,grass,NA,NA,ADB,NB,NA,0.000000,pack rat midden….in hole (checked w/out antenna),WGS84,,0.000000,0.000000,0.000000,0.000000,,512164.05345700000,3522532.19111000001
511598.440238685,3523176.04594175,11.08.17.084.3,102.000000,31.844226,-110.877414,2017/11/08,1899/12/30,,"1,044.00",Telemetry,21.500000,0.000000,NA,NA,NA,in burrow,NA,0,0,"prickly pear, mesquite, grass",prickly pear,mesquite,grass,NA,NA,NA,ADB,NB,0,0.000000,in her recent usual spot in burrow.,WGS84,,0.000000,0.000000,0.000000,0.000000,,511598.44023900002,3523176.04594000010
511173.230074504,3523011.97829404,11.19.17.754,521.000000,31.842750,-110.881910,2017/11/19,1899/12/30,,"1,036.00",Telemetry,0.000000,0.000000,1,5,5,in burrow,NA,0,0,"prickly pear, hackberry, grass",prickly pear,hackberry,grass,NA,NA,NA,ADB,M,1,0.000000,"on N side of rd, very close when Ipulled up in car. No visual but saw Peromyscus run from burrow to midden. .754 is now in that burrow- same one that 101 collar is in.",WGS84,,0.000000,0.000000,0.000000,0.000000,,511173.23007500003,3523011.97829000000
511558.172086113,3523310.65785963,11.19.17.504.2,116.000000,31.845441,-110.877838,2017/11/19,1899/12/30,,"1,033.00",Telemetry,0.000000,0.000000,NA,NA,NA,in burrow,NA,0,0,"prickly pear, grass, mesquite, hackberry",prickly pear,grass,mesquite,hackberry,NA,NA,ADB,M,NA,0.000000,"not totally convinced she's asleep, she may have moved before I got here",WGS84,,0.000000,0.000000,0.000000,0.000000,,511558.17208599998,3523310.65786000015
511244.062123092,3522958.07761694,11.19.17.754.2,521.000000,31.842263,-110.881162,2017/11/19,1899/12/30,,"1,043.00",Telemetry,0.000000,0.000000,NA,NA,NA,in burrow,NA,0,0,"prickly pear, catclaw acacia, cholla, palo verde, grass",prickly pear,catclaw acacia,cholla,palo verde,grass,NA,ADB,M,1,0.000000,,WGS84,,0.000000,0.000000,0.000000,0.000000,,511244.06212299998,3522958.07762000011
511189.349879583,3523066.70754247,11.22.17.754,521.000000,31.843243,-110.881739,2017/11/22,1899/12/30,,"1,043.00",Telemetry,0.000000,0.000000,NA,NA,NA,in burrow,NA,0,0,"prickly pear, burrow weed, mesquite, palo verde, grass",prickly pear,burrow weed,mesquite,palo verde,grass,NA,ADB,M,1,0.000000,,WGS84,,0.000000,0.000000,0.000000,0.000000,,511189.34987999999,3523066.70753999986
511234.029939927,3522960.6314801,11.27.17.124.2,507.000000,31.842286,-110.881268,2017/11/27,1899/12/30,,"1,044.00",Telemetry/visual,15.000000,1.000000,1,12-May,17,at burrow,10,0,0,"prickly pear, catclaw acacia, grass, hackberry",prickly pear,catclaw acacia,grass,hackberry,NA,NA,ADB,M,1,0.000000,"a couple skips as I app him w/ full bars, isolate him to pack rat midden. While taking point he runs N across bare grnd oos into cc/mesq bush clump",WGS84,,0.000000,0.000000,0.000000,0.000000,,511234.02993999998,3522960.63147999998
511290.366139207,3523011.10323339,11.28.17.124.2,507.000000,31.842741,-110.880672,2017/11/28,1899/12/30,,"1,072.00",Telemetry,15.000000,0.000000,0,NA,NA,in burrow,NA,0,0,"prickly pear, mesquie, unk. Woody",prickly pear,mesquite,unkwn woody,NA,NA,NA,ADB,M,1,0.000000,at sunset,WGS84,,0.000000,0.000000,0.000000,0.000000,,511290.36613899999,3523011.10323000001
511290.75623208,3523000.5217722,11.29.17.124,507.000000,31.842645,-110.880668,2017/11/29,1899/12/30,,"1,042.00",Telemetry,0.000000,0.000000,0,0,0,in burrow,NA,0,0,"prickly pear, mesquite, grass, unknown woody",prickly pear,mesquite,grass,unkwn woody,NA,NA,ADB,M,1,0.000000,same burrow as last night,WGS84,,0.000000,0.000000,0.000000,0.000000,,511290.75623200001,3523000.52176999999
511289.374711818,3522966.18314788,11.29.17.124.2,507.000000,31.842335,-110.880683,2017/11/29,1899/12/30,,"1,044.00",Telemetry/visual,0.000000,1.000000,1,20,20,in burrow,NA,0,0,"prickly pear, catclaw acacia, grass, mesquite",prickly pear,catclaw acacia,grass,mesquite,NA,NA,ADB,M,1,0.000000,"I scared him (pretty sure he was my visual), he ran here.",WGS84,,0.000000,0.000000,0.000000,0.000000,,511289.37471200002,3522966.18314999994
511174.641689676,3523018.99488921,12.09.17.124,507.000000,31.842813,-110.881895,2017/12/09,1899/12/30,,"1,045.00",Telemetry,0.000000,0.000000,0,NA,NA,in burrow,NA,0,0,"prickly pear (dying), dead barrel, mesquite",prickly pear (dying),dead barrel,mesquite,NA,NA,NA,ADB,M,1,0.000000,"only 1ish prominent hole, not clearly a burrow",WGS84,,0.000000,0.000000,0.000000,0.000000,,511174.64169000002,3523018.99489000021
511252.583367994,3523039.24949486,12.09.17.124.2,507.000000,31.842995,-110.881071,2017/12/09,1899/12/30,,"1,042.00",Telemetry/visual,0.000000,1.000000,1,15,15,at burrow,NA,0,0,"prickly pear, barrel, grass, mesquite",prickly pear,barrel cactus,grass,mesquite,NA,NA,ADB,M,1,0.000000,"isolated to burrow, skips before? Then ran over bare ground as I take notes, ran E twrd wash",WGS84,,0.000000,0.000000,0.000000,0.000000,,511252.58336799999,3523039.24948999984
511592.046356606,3523308.37281664,12.11.17.504,116.000000,31.845420,-110.877480,2017/12/11,1899/12/30,,"1,042.00",Telemetry/visual,0.000000,1.000000,0,0,0,at burrow,15,0,0,"prickly pear, catclaw, grass, palo verde",prickly pear,catclaw acacia,grass,palo verde,NA,NA,ADB,M,NA,1.000000,"saw glimpse of individual dive into burrow when I app- no vis on colla rbut full bars. 09:37 she or unm emerge, vig, tf. Eventually I see both unm & .504 vig, unm nose to nose w/ .504, unm looks small. 09:44 both oos",WGS84,,8.000000,0.000000,0.000000,1.000000,"definitely her main burrow. Shared this burrow with at least 1, maybe 2 other females. Moved burrows in Jan.",511592.04635700001,3523308.37282000016
511539.404991128,3523256.32405468,12.11.17.504.2,116.000000,31.844951,-110.878037,2017/12/11,1899/12/30,,"1,043.00",Telemetry/visual,0.000000,1.000000,1,5,5,run to burrow,15,0,0,"prickly pear, mesquite",prickly pear,mesquite,NA,NA,NA,NA,ADB,M,NA,0.000000,"see glimpse of squ run from runway to pp burrow, vig for a min and dive in, think collar?",WGS84,,0.000000,0.000000,0.000000,0.000000,,511539.40499100002,3523256.32404999994
511170.096778232,3523022.05578035,12.11.17.124.2,507.000000,31.842841,-110.881943,2017/12/11,1899/12/30,,"1,039.00",Telemetry,0.000000,0.000000,NA,NA,NA,in burrow,NA,0,1,"prickly pear, mesquite, grass",prickly pear,mesquite,grass,NA,NA,NA,ADB,M,1,0.000000,same burrow as other day and that I thought was near this morning,WGS84,,0.000000,0.000000,0.000000,0.000000,,511170.09677800001,3523022.05578000005
511176.614008563,3522919.35636431,12.15.17.124,507.000000,31.841914,-110.881875,2017/12/15,1899/12/30,,"1,047.00",Telemetry,15.000000,0.000000,0,0,0,in burrow,NA,0,0,"mesquite, grass, prickly pear",mesquite,grass,prickly pear,NA,NA,NA,ADB,M,1,0.000000,pack rat midden also under tree. Hope he's alive. Wait 45 min- nothing,WGS84,,0.000000,0.000000,0.000000,0.000000,,511176.61400900001,3522919.35636000009
511577.956071979,3523310.41966117,12.15.17.504,116.000000,31.845438,-110.877629,2017/12/15,1899/12/30,,"1,034.00",Telemetry/visual,21.000000,1.000000,1,1,1,at burrow,20,0,0,"catclaw, grass, prickly pear, hackberry",catclaw acacia,grass,prickly pear,hackberry,NA,NA,ADB,M,NA,0.000000,"glimpse of ind, run from big burrow behind to main burrow oos. No vis on collar, signal full bars- could be unmarked that I saw though. Wait 10 min. nothing",WGS84,,0.000000,0.000000,0.000000,0.000000,,511577.95607199997,3523310.41966000013
511182.398929591,3522907.16361557,12.15.17.124.2,507.000000,31.841804,-110.881814,2017/12/15,1899/12/30,,"1,038.00",Telemetry/visual,15.000000,1.000000,1,10,10,in burrow,NA,0,0,"prickly pear, catclaw acacia, grass",prickly pear,catclaw acacia,grass,NA,NA,NA,ADB,M,1,0.000000,"saw ind run from pp burrow 5m from .124 burrow this morning, 10m to catclaw acacia burrow. Skinny tail looked like rtgs and no visual on collar but signal coming from cc burrow. Wait 20 min- nothing.",WGS84,,0.000000,0.000000,0.000000,0.000000,,511182.39893000002,3522907.16361999977
511486.485031998,3523224.4913626,12.20.17.504,116.000000,31.844664,-110.878597,2017/12/20,1899/12/30,12.20.17.504P,"1,039.00",Telemetry,0.000000,0.000000,0,0,0,in burrow,NA,0,0,"prickly pear, mesquite",prickly pear,mesquite,NA,NA,NA,NA,KLH,M,NA,0.000000,,WGS84,,0.000000,0.000000,0.000000,0.000000,,511486.48503200000,3523224.49135999987
511185.151144462,3522916.91276596,01.02.17.124,507.000000,31.841892,-110.881785,2018/01/02,1899/12/30,,"1,045.00",Telemetry,15.000000,0.000000,0,0,0,in burrow,NA,0,0,"mesquite, prickly pear, grass, burrow weed",mesquite,prickly pear,grass,burrow weed,NA,NA,ADB,M,1,0.000000,,WGS84,,0.000000,0.000000,0.000000,0.000000,,511185.15114400000,3522916.91276999982
511600.322349156,3523185.06933322,01.02.17.504.2,116.000000,31.844307,-110.877394,2018/01/02,1899/12/30,,"1,046.00",Telemetry,21.700000,0.000000,1,NA,NA,in burrow,NA,0,0,"hackberry, mesquite, prickly pear",hackberry,mesquite,prickly pear,NA,NA,NA,ADB,M,NA,0.000000,isolated .504 to burrow. I think I definitely influenced movement but interesting that she is near hack burrow.,WGS84,,0.000000,0.000000,0.000000,0.000000,,511600.32234900002,3523185.06932999985
511570.019759967,3523275.23675356,01.09.18.504,116.000000,31.845121,-110.877713,2018/01/09,1899/12/30,,"1,048.00",Telemetry,21.000000,0.000000,0,0,0,in burrow,NA,0,0,"catclaw acacia, mesquite, prickly pear, burrow weed",catclaw acacia,mesquite,prickly pear,burrow weed,NA,NA,ADB,M,NA,0.000000,"obs ~30 min but nothing, set 2 traps to see if she is nesting w anyone still. Not in normal burrow, normal burrow partially collapsed by ungulate",WGS84,,4.000000,0.000000,0.000000,0.000000,"moved here after (I believe) ungulates grazed on pp & caused collapse. I think .825 was burrowing with her at the old burrow (consistently saw unmk), then I collared her today and found her w/ .504 in her burrow again today....was also here on 01/11 & 01",511570.01976000000,3523275.23675000016
511182.046690803,3522917.83822578,01.09.18.124,507.000000,31.841900,-110.881818,2018/01/09,1899/12/30,,"1,047.00",Telemetry,15.000000,0.000000,0,0,0,in burrow,NA,0,0,"mesquite, grass, prickly pear",mesquite,grass,prickly pear,NA,NA,NA,DB,M,1,0.000000,same usual burrow,WGS84,,0.000000,0.000000,0.000000,0.000000,,511182.04669100000,3522917.83822999988
511558.822672468,3523270.60655598,01.09.18.504.2,116.000000,31.845079,-110.877832,2018/01/09,1899/12/30,,"1,044.00",Telemetry,21.000000,0.000000,0,0,0,in burrow,NA,0,0,"prickly pear, mesquite, grass, burrow weed, catclaw acacia",prickly pear,mesquite,grass,burrow weed,catclaw acacia,NA,ADB,M,NA,0.000000,switched to pp burrow next to wired open trap,WGS84,,0.000000,0.000000,0.000000,0.000000,,511558.82267199998,3523270.60656000022
511185.540561298,3522915.54764193,01.11.18.124,507.000000,31.841880,-110.881781,2018/01/11,1899/12/30,,"1,043.00",Telemetry,15.000000,0.000000,0,0,0,in burrow,NA,0,0,"mesquite, prickly pear, grass",mesquite,prickly pear,grass,NA,NA,NA,ADB,M,1,0.000000,placed cam 45 outside burrow,WGS84,,0.000000,0.000000,0.000000,0.000000,,511185.54056100000,3522915.54764000000
511186.645539331,3522917.42536482,01.11.18.124.2,507.000000,31.841897,-110.881769,2018/01/11,1899/12/30,,"1,047.00",Telemetry,15.000000,0.000000,0,0,0,in burrow,NA,0,0,"mesquite, prickly pear, grass",mesquite,prickly pear,grass,NA,NA,NA,ADB,M,1,0.000000,"still in burrow-seems odd :( ; 1 alarm call to W prob more like 200m ; as I arrive at this pt",WGS84,,0.000000,0.000000,0.000000,0.000000,,511186.64553899999,3522917.42536000023
511187.603438938,3522915.34483382,01.11.18.124.3,507.000000,31.841878,-110.881759,2018/01/11,1899/12/30,,"1,048.00",Telemetry,15.000000,0.000000,0,0,0,in burrow,NA,0,0,"mesquite, prickly pear, grass",mesquite,prickly pear,grass,NA,NA,NA,ADB,M,1,0.000000,"still in burrow-seems odd :( ; 1 alarm call to W prob more like 200m ; as I arrive at this pt",WGS84,,0.000000,0.000000,0.000000,0.000000,,511187.60343900003,3522915.34482999984
511592.055985541,3523308.22430189,01.11.18.824.3,124.000000,31.845418,-110.877480,2018/01/11,1899/12/30,,"1,046.00",Telemetry,21.000000,0.000000,1,20-Oct,15,in burrow,NA,0,0,prickly pear,prickly pear,NA,NA,NA,NA,NA,ADB,M,NA,0.000000,"may still be awake, possibly moved N in prickly pear burrow .504 used to frequent. Lots destroyed by cows (in the area tonight too), waited 10 min, still there",WGS84,,0.000000,0.000000,0.000000,0.000000,,511592.05598599999,3523308.22429999989
513270.530778068,3520318.50358584,01.11.18.635.2,125.000000,31.818427,-110.859780,2018/01/11,1899/12/30,,"1,145.00",Telemetry,32.000000,0.000000,0,0,0,in burrow,NA,0,0,"catclaw acacia, grass (thick!), mesquite, prickly pear",catclaw acacia,grass,mesquite,prickly pear,NA,NA,ADB,M,NA,0.000000,in burrow down wash- same area as 104,WGS84,,0.000000,0.000000,0.000000,0.000000,,513270.53077800001,3520318.50358999986
511173.721543279,3522916.76067267,01.13.18.124,507.000000,31.841891,-110.881906,2018/01/13,1899/12/30,,"1,038.00",Telemetry,15.000000,0.000000,0,0,0,in burrow,NA,0,0,"mesquite, grass, prickly pear",mesquite,grass,prickly pear,NA,NA,NA,ADB,M,1,0.000000,signal still in burrow…GPS point slgihtly off.,WGS84,,0.000000,0.000000,0.000000,0.000000,,511173.72154300002,3522916.76067000022
511172.628943434,3522912.19842156,01.13.18.124.2,507.000000,31.841850,-110.881918,2018/01/13,1899/12/30,,"1,047.00",Telemetry,15.000000,0.000000,0,NA,NA,in burrow,NA,0,NA,NA,NA,NA,NA,NA,NA,NA,ADB,M,1,0.000000,,WGS84,,0.000000,0.000000,0.000000,0.000000,,511172.62894299999,3522912.19841999980
511583.006239239,3523320.76561793,01.17.18.824,124.000000,31.845532,-110.877575,2018/01/17,1899/12/30,,"1,042.00",Visual,21.000000,0.000000,0,0,0,vig at burrow,8,0,0,"hackberry, prickly pear, barrel cactus, grass",hackberry,prickly pear,barrel cactus,grass,NA,NA,ADB,M,NA,1.000000,"hanging w/ male (scrotal), both vig, feed on hack, in and out of burrows, she climb hack and vig. No signal :(",WGS84,,0.000000,0.000000,0.000000,0.000000,,511583.00623900001,3523320.76562000019
511530.424707493,3523097.38162627,03.26.18.526,526.000000,31.843517,-110.878134,2018/03/26,1899/12/30,,"1,044.00",Telemetry,21.000000,0.000000,0,0,0,in burrow,NA,0,0,"prickly pear, mesquite, ephedra, burrowweed, grass",prickly pear,mesquite,ephedra,burrow weed,grass,NA,"ADB, NB",B,NA,0.000000,"Note: later retrieved slipped collar from this burrow, so not sure that he was actually in this place at this time.",WGS84,,0.000000,0.000000,0.000000,0.000000,,511530.42470700003,3523097.38163000019
511242.187545613,3523036.97143836,03.26.18.755,525.000000,31.842975,-110.881181,2018/03/26,1899/12/30,,"1,040.00",Telemetry,16.000000,0.000000,0,0,0,in burrow,NA,0,0.5,"prickly pear, mesquite, grass",prickly pear,mesquite,grass,NA,NA,NA,ADB,B,1,0.000000,"in mesquite/prickly pear clump, hole sort of ooff by itself but pletny of canopy cove",WGS84,,0.000000,0.000000,0.000000,0.000000,,511242.18754600000,3523036.97143999999
511093.784711332,3523008.25112061,03.26.18.755.3,525.000000,31.842717,-110.882750,2018/03/26,1899/12/30,,"1,039.00",Telemetry,15.000000,0.000000,1,NA,NA,in burrow,NA,0,0,"prickly pear, zinia grass, barrel cactus",prickly pear,zinia,grass,barrel cactus,NA,NA,ADB,B,1,0.000000,"feel like I made him move, first got bars across rd",WGS84,,0.000000,0.000000,0.000000,0.000000,,511093.78471099999,3523008.25112000015
511340.449614416,3523128.39492113,04.05.18.844,126.000000,31.843798,-110.880141,2018/04/05,1899/12/30,,"1,042.00",Telemetry,19.000000,0.000000,1,NA,NA,in burrow,NA,0,0,"prickly pear, mesquite, unkown woody",prickly pear,mesquite,unkwn woody,NA,NA,NA,ADB,B,NA,0.000000,may have chased her here- unsure,WGS84,,0.000000,0.000000,0.000000,0.000000,,511340.44961399998,3523128.39491999988
511584.770099273,3523174.52531239,04.05.18.584,127.000000,31.844212,-110.877559,2018/04/05,1899/12/30,,"1,047.00",Telemetry,21.700000,0.000000,0,0,0,in burrow,NA,0,0,"prickly pear, mesquite, grass",prickly pear,mesquite,grass,NA,NA,NA,ADB,B,0,0.000000,,WGS84,,0.000000,0.000000,0.000000,0.000000,,511584.77009900002,3523174.52530999994
511575.317159258,3523175.33265754,04.12.18.584,127.000000,31.844220,-110.877658,2018/04/12,1899/12/30,,"1,049.00",Telemetry,21.700000,0.000000,1,15,15,in burrow,NA,0,0,"prickly pear, mesquite, grass, burrowweed",prickly pear,mesquite,grass,burrow weed,NA,NA,ADB,B,0,0.000000,"in burrow, but skips before. Could have been wind but think she moved a little bit",WGS84,,0.000000,0.000000,0.000000,0.000000,,511575.31715900003,3523175.33265999984
511449.746558266,3523198.73437054,04.12.18.844,126.000000,31.844432,-110.878985,2018/04/12,1899/12/30,,"1,049.00",Telemetry,21.200000,0.000000,NA,NA,NA,in burrow,NA,0,0,"prickly pear, burrow weed, grass, palo verde, mesquite, zinia",prickly pear,burrow weed,grass,palo verde,mesquite,zinia,ADB,B,NA,0.000000,,WGS84,,0.000000,0.000000,0.000000,0.000000,,511449.74655799998,3523198.73437000019
511453.588810675,3523197.93062949,04.12.18.844.2,126.000000,31.844425,-110.878945,2018/04/12,1899/12/30,,"1,044.00",Telemetry,21.200000,0.000000,0,NA,NA,in burrow,NA,0,0,"prickly pear, mesquite, burrow weed, zinia",prickly pear,mesquite,burrow weed,zinia,NA,NA,ADB,B,NA,0.000000,,WGS84,,0.000000,0.000000,0.000000,0.000000,,511453.58881099999,3523197.93062999984
511574.126493566,3523115.22168553,04.19.18.584,127.000000,31.843677,-110.877672,2018/04/19,1899/12/30,,"1,051.00",Telemetry,0.000000,0.000000,0,NA,NA,in burrow,NA,0,0,"mesquite, cholla, prickly pear, grasses",mesquite,cholla,prickly pear,grass,NA,NA,AMB,B,0,0.000000,in burrow under mesquite tree,WGS84,,0.000000,0.000000,0.000000,0.000000,,511574.12649400003,3523115.22169000003
511435.513513376,3523099.41255067,04.22.18.715.2,128.000000,31.843536,-110.879137,2018/04/22,1899/12/30,,"1,049.00",Telemetry,0.000000,0.000000,0,0,0,in burrow,NA,0,0,"mesquite (??) (4m), prickly pear, cholla, burrow weed, bush muly",mesquite.4,prickly pear,cholla,burrow weed,bush muly,NA,ADB,B,1,0.000000,confirmed- in burrow,WGS84,,0.000000,0.000000,0.000000,0.000000,,511435.51351299998,3523099.41255000001
511382.0312493,3523258.13697849,04.30.18.715,128.000000,31.844969,-110.879700,2018/04/30,1899/12/30,,"1,044.00",Telemetry,21.000000,0.000000,0,0,0,in burrow,NA,0,0,"prickly pear, mesquite (<1m), cholla, burrowweed",prickly pear,mesquite.1,cholla,burrow weed,NA,NA,ADB,B,1,0.000000,collar short range- maybe 30m under pp burrow. At freq. .7132,WGS84,,0.000000,0.000000,0.000000,0.000000,,511382.03124899999,3523258.13697999995
511598.676735249,3523184.46339746,05.03.18.074,127.000000,31.844302,-110.877411,2018/05/03,1899/12/30,,"1,048.00",Telemetry/visual,21.700000,1.000000,0,1,1,vig at burrow,5,0,0,"hackberry, prickly pear, mesquite",hackberry,prickly pear,mesquite,NA,NA,NA,ADB,B,1,0.000000,"vig, start to walk away from me, oos in another part of the hackberry",WGS84,,0.000000,0.000000,0.000000,0.000000,,511598.67673499999,3523184.46339999977
511294.897198664,3523253.06964641,05.05.18.715,128.000000,31.844924,-110.880621,2018/05/05,1899/12/30,,"1,033.00",Telemetry,21.000000,0.000000,1,20,20,in burrow,NA,0,0,"prickly pear, mesquite (2m), zinia",prickly pear,mesquite.2,zinia,NA,NA,NA,ADB,B,1,0.000000,"Not sure if moved into burrow or already in burrow but picked up signal from across wash, then disappear, then pick it up again and follow here.",WGS84,,0.000000,0.000000,0.000000,0.000000,,511294.89719900000,3523253.06964999996
511308.547668857,3523169.24751699,05.23.18.864,131.000000,31.844167,-110.880478,2018/05/23,1899/12/30,,"1,041.00",Telemetry,18.000000,0.000000,0,0,0,in burrow,NA,NA,NA,"prickly pear (no burrow hole), zinia, burrowweed",prickly pear,zinia,burrow weed,NA,NA,NA,ADB,J,NA,0.000000,"isolate to large spider hole (lined), seems like slipped collar but unsure. Far from burrow hole",WGS84,"collar remained underground; never found it...",0.000000,0.000000,0.000000,0.000000,,511308.54766899999,3523169.24752000021
511543.683394675,3523178.89271705,05.26.18.074,127.000000,31.844252,-110.877993,2018/05/26,1899/12/30,,"1,040.00",Telemetry,21.000000,0.000000,0,0,0,in burrow,NA,0,0,"prickly pear, bitter butterbrush, mesquite",prickly pear,button brittlebush,mesquite,NA,NA,NA,ADB,J,1,0.000000,smaller species prickly pear,WGS84,,0.000000,0.000000,0.000000,0.000000,,511543.68339500000,3523178.89271999989
511414.691760271,3523071.03431806,05.26.18.134.2,130.000000,31.843280,-110.879357,2018/05/26,1899/12/30,,"1,172.00",Telemetry,18.000000,0.000000,0,50,50,at burrow,NA,1.5,0,"hackberry, prickly pear, ephedra",hackberry,prickly pear,ephedra,NA,NA,NA,ADB,J,1,0.000000,"only very faint beepsfrom burrow, no bars, bars on her 5ft to S, chase to S (full bars) 50m?",WGS84,,0.000000,0.000000,0.000000,0.000000,,511414.69176000002,3523071.03432000009
511585.203751259,3523159.14121129,05.26.18.074.3,127.000000,31.844073,-110.877554,2018/05/26,1899/12/30,,"1,122.00",Telemetry,21.000000,0.000000,0,0,0,in burrow,NA,0,0,"prickly pear, mesquite (2m), burrow weed",prickly pear,mesquite.2,burrow weed,NA,NA,NA,ADB,J,1,0.000000,"Think I chased her into burrow? Originally get in N direction, then S to here, but beeps fade in and out so unsure.",WGS84,,0.000000,0.000000,0.000000,0.000000,,511585.20375099999,3523159.14121000003
511358.24421355,3522968.07016899,05.29.18.134,130.000000,31.842352,-110.879955,2018/05/29,1899/12/30,,"1,047.00",Telemetry,18.000000,0.000000,0,0,0,in burrow,NA,0,2,"prickly pear, burrow weed, mesquite (1.5m)",prickly pear,burrow weed,mesquite.1.5,NA,NA,NA,ADB,J,1,0.000000,"possibly in krat burrow, unsure. 3 bars",WGS84,,0.000000,0.000000,0.000000,0.000000,,511358.24421400001,3522968.07017000020
511258.00064058,3522974.02722868,05.30.8.754,525.000000,31.842406,-110.881015,2018/05/30,1899/12/30,,"1,043.63",Telemetry,15.000000,0.000000,0,20,20,run to burrow,NA,NA,NA,NA,NA,NA,NA,NA,NA,NA,ADB,J,1,0.000000,"Now in burrow, but skips before so think she moved. Burrow is 20m NE of where I think he started (also at burrow), burrow beneath catclaw and prickly pear",WGS84,,0.000000,0.000000,0.000000,0.000000,,511258.00064099999,3522974.02723000012
511314.571546598,3523163.46608534,06.01.18.715,128.000000,31.844115,-110.880414,2018/06/01,1899/12/30,,"1,044.83",Telemetry/visual,18.000000,1.000000,0,10,10,run to burrow,10,10,0,"ephedra, burrow weed, prickly pear",ephedra,burrow weed,prickly pear,NA,NA,NA,ADB,J,1,0.000000,"run to cc burrow that .865 collar is in, collar only works to 10-20m but bars at .7130",WGS84,,0.000000,0.000000,0.000000,0.000000,,511314.57154700003,3523163.46608999977
511355.106544217,3523187.40568514,06.06.18.715.2,128.000000,31.844331,-110.879986,2018/06/06,1899/12/30,,"1,045.31",Telemetry,19.000000,0.000000,1,25,25,in burrow,NA,0,0,"prickly pear (small), mesquite, zinia, cholla, grass",prickly pear (small),mesquite,zinia,cholla,grass,NA,ADB,J,1,0.000000,"I think she started near the N wash (20-30m NE), ran to burrow but no visual. I'm pretty sure this is her normal burrow.",WGS84,,0.000000,0.000000,0.000000,0.000000,,511355.10654399998,3523187.40568999993
511392.226686441,3522954.50661919,06.07.18.134,130.000000,31.842229,-110.879596,2018/06/07,1899/12/30,,"1,045.79",Telemetry,18.000000,0.000000,0,0,0,in burrow,NA,0,0,"prickly pear, mesquite",prickly pear,mesquite,NA,NA,NA,NA,ADB,J,1,0.000000,"place camera trap; 3 bars",WGS84,,0.000000,0.000000,0.000000,0.000000,,511392.22668600001,3522954.50662000012
511275.301512674,3523185.08880553,06.11.18.713,128.000000,31.844311,-110.880829,2018/06/11,1899/12/30,,"1,035.22",Telemetry,19.000000,0.000000,0,0,0,in burrow,NA,0,0,"prickly pear (large), catclaw acacia, hackberry",prickly pear (large),catclaw acacia,hackberry,NA,NA,NA,ADB,J,1,0.000000,new burrow,WGS84,,1.000000,0.000000,1.000000,0.000000,only spotted in this burrow once...not sure why she was all the way over here. a few days later found her over here in 2 different burrows 2 different days,511275.30151299998,3523185.08881000010
511226.647893846,3522962.39795943,06.11.18.754,525.000000,31.842302,-110.881346,2018/06/11,1899/12/30,,"1,040.50",Telemetry,15.000000,0.000000,0,0,0,in burrow,NA,NA,NA,NA,NA,NA,NA,NA,NA,NA,ADB,J,1,0.000000,"beeps, disappear toward SE",WGS84,,0.000000,0.000000,0.000000,0.000000,,511226.64789399999,3522962.39796000021
511402.596576805,3522954.62009412,06.12.18.134,130.000000,31.842230,-110.879486,2018/06/12,1899/12/30,,"1,046.75",Telemetry/visual,18.000000,1.000000,0,0,0,in burrow,NA,0,1,dead tree limb/ prickly pear,prickly pear,dead tree limb,NA,NA,NA,NA,AMB,J,1,0.000000,visual of her coming out of burrow and alarm calling 14 times after 10 minutes of obs --> gives tf before each call. Should be on camera,WGS84,,8.000000,3.000000,4.000000,2.000000,moved slightly N shortly after 06/20,511402.59657699999,3522954.62008999987
513175.905730921,3520305.82158297,06.12.18.682,528.000000,31.818313,-110.860780,2018/06/12,1899/12/30,,"1,141.68",Telemetry,32.000000,0.000000,0,0,0,in burrow,NA,0,0,"prickly pear, mesquite",prickly pear,mesquite,NA,NA,NA,NA,ADB,J,1,0.000000,same burrow as yesterday,WGS84,,6.000000,3.000000,4.000000,2.000000,Think stayed here a couple weeks and then wandered around burrows quite a bit after this before settling E of the rd for a bit,513175.90573100001,3520305.82158000022
511558.268573558,3523166.01399012,06.12.18.233,129.000000,31.844136,-110.877839,2018/06/12,1899/12/30,,"1,046.99",Telemetry,21.000000,0.000000,0,0,0,in burrow,NA,0,0,prickly pear,prickly pear,NA,NA,NA,NA,NA,ADB,J,NA,0.000000,"old antenna works much better, able to isolate her to burrow",WGS84,,0.000000,0.000000,0.000000,0.000000,,511558.26857399999,3523166.01398999989
513140.611952245,3520455.52962292,06.12.18.173,111.000000,31.819664,-110.861151,2018/06/12,1899/12/30,,"1,134.23",Telemetry,32.000000,0.000000,0,0,0,in burrow,NA,0,1,"prickly pear, mesquite",prickly pear,mesquite,NA,NA,NA,NA,ADB,J,1,0.000000,,WGS84,,0.000000,0.000000,0.000000,0.000000,,513140.61195200001,3520455.52962000016
511326.663073489,3523163.7121717,06.13.18.713.2,128.000000,31.844117,-110.880287,2018/06/13,1899/12/30,,"1,040.50",Telemetry/visual,19.000000,1.000000,0,0,0,run to burrow,NA,0,0,"prickly pear, catclaw acacia",prickly pear,catclaw acacia,NA,NA,NA,NA,ADB,J,1,0.000000,"see animal bnth pp just as it moves into burrow, not running, prob in this area to start",WGS84,,0.000000,0.000000,0.000000,0.000000,,511326.66307299997,3523163.71217000019
511296.558687223,3522972.46236723,06.17.18.754,525.000000,31.842392,-110.880607,2018/06/17,1899/12/30,,"1,042.67",Telemetry,15.000000,0.000000,0,0,0,in burrow,NA,0,0,"catclaw acacia, prickly pear, grass",catclaw acacia,prickly pear,grass,NA,NA,NA,ADB,J,1,2.000000,"2 juv- Voice memo, obs 10 min. Alarm calls N of here",WGS84,,5.000000,0.000000,4.000000,1.000000,seemed to stay here for awhile,511296.55868700001,3522972.46236999985
511306.097563658,3523246.2475718,06.17.18.715,128.000000,31.844862,-110.880503,2018/06/17,1899/12/30,,"1,034.12",Telemetry/visual,19.000000,1.000000,0,20,20,vig at burrow,5,1,1,"prickly pear (small), catclaw acacia",prickly pear (small),catclaw acacia,NA,NA,NA,NA,ADB,J,1,2.000000,"w/ 2 juv? Almost full grown, run 10m from burrow, then 1 runs 20m E and the 2nd runs 20m N oos",WGS84,,4.000000,0.000000,3.000000,1.000000,"later morning, 07:25 is earliest, the rest are after 8am.",511306.09756400000,3523246.24757000012
511267.932531221,3523192.33741469,06.17.18.715.2,128.000000,31.844376,-110.880907,2018/06/17,1899/12/30,,"1,035.91",Telemetry,19.000000,0.000000,0,0,0,in burrow,NA,0,0,"prickly pear (small), mes (<1 m )",prickly pear (small),mesquite.1,NA,NA,NA,NA,ADB,J,1,0.000000,mesquite pod feed (fresh) at hack 20m away to E,WGS84,,0.000000,0.000000,0.000000,0.000000,,511267.93253100000,3523192.33741000015
511316.12651256,3522988.66653037,06.17.18.754.4,525.000000,31.842538,-110.880400,2018/06/17,1899/12/30,,"1,034.56",Telemetry,15.000000,0.000000,0,0,0,in burrow,NA,0,0,"palo verde, catclaw acacia, grass",palo verde,catclaw acacia,grass,NA,NA,NA,ADB,J,1,0.000000,"may have started in wash and moved here, came back ~10 min later and now further W down wash",WGS84,,0.000000,0.000000,0.000000,0.000000,,511316.12651300000,3522988.66653000005
511228.76756217,3522979.48514387,06.18.18.754,525.000000,31.842456,-110.881323,2018/06/18,1899/12/30,,"1,042.00",Telemetry,15.000000,0.000000,0,0,0,in burrow,NA,0,0,"prickly pear, cholla, grass",prickly pear,cholla,grass,NA,NA,NA,ADB,J,1,0.000000,,WGS84,,0.000000,0.000000,0.000000,0.000000,,511228.76756200002,3522979.48514000000
511203.060874389,3522987.54950814,06.18.18.754.2,525.000000,31.842529,-110.881595,2018/06/18,1899/12/30,,"1,039.00",Telemetry,15.000000,0.000000,0,0,0,in burrow,NA,0,0,"prickly pear, catclaw acacia, mesquite",prickly pear,catclaw acacia,mesquite,NA,NA,NA,ADB,J,1,1.000000,"Unm adult? Nearby in pp- Um2 run 5m to mes, 1m to pp, climb, run 20m E",WGS84,,0.000000,0.000000,0.000000,0.000000,,511203.06087400002,3522987.54950999981
511458.24305308,3522935.62750039,06.18.18.134.2,130.000000,31.842058,-110.878899,2018/06/18,1899/12/30,06.18.18.134&u,"1,049.00",Telemetry/visual,18.000000,1.000000,0,10,10,run to burrow,10,5,1,"prickly pear (sm), mesquite, zinia",prickly pear (small),mesquite,zinia,NA,NA,NA,ADB,J,1,1.000000,"unmarked present; run 8m to pp burrow (diff than closest) - think this row is referring to this point but could be referring to .056",WGS84,,0.000000,0.000000,0.000000,0.000000,,511458.24305300001,3522935.62749999994
511359.363721768,3523187.84710042,06.20.18.713,128.000000,31.844335,-110.879941,2018/06/20,1899/12/30,,"1,042.00",Telemetry/visual,19.000000,1.000000,0,0,0,in burrow,NA,0,0,prickly pear (sm),prickly pear (small),NA,NA,NA,NA,NA,AMB,J,1,1.000000,obs at burrow w/ 1 ind 40 min,WGS84,"This point was taken at 08:53, I don't have behavior for that time but I do have behavior for the earlier time but no GPS point. This GPS point matches burrow location….wonder if I forgot to take it and had to go back or something weird?",6.000000,0.000000,5.000000,1.000000,"present 06/06, 06/12, 06/13, 06/18, 06/19, 06/20....at far burrow late morning of the 17th (~8am) as well as on the 1st (late in the day- think chased her into burrow here), 7th, and 5th. seems like these further locs are all later in the day except for",511359.36372199998,3523187.84709999990
511277.830201823,3523191.45490384,06.20.18.713.2,128.000000,31.844368,-110.880802,2018/06/20,1899/12/30,,"1,034.00",Telemetry,19.000000,0.000000,0,NA,NA,run to burrow,NA,0,0,prickly pear,prickly pear,NA,NA,NA,NA,NA,AMB,J,1,1.000000,"skips in burrow, large juv runs twrd .713 burrow (from 15m away) but goes into a different one",WGS84,confused because .715's burrow is far away....think i mean the one she's in right now.,0.000000,0.000000,0.000000,0.000000,,511277.83020199998,3523191.45489999978
511277.142312141,3523369.92537651,06.27.18.104,529.000000,31.845978,-110.880808,2018/06/27,1899/12/30,,"1,037.00",Telemetry,21.000000,0.000000,NA,NA,NA,in burrow,NA,NA,NA,NA,NA,NA,NA,NA,NA,NA,ADB,J,1,0.000000,,WGS84,,0.000000,0.000000,0.000000,0.000000,,511277.14231199998,3523369.92537999991
513089.296727207,3520285.59693155,06.28.18.514,528.000000,31.818132,-110.861696,2018/06/28,1899/12/30,,"1,142.00",Telemetry,32.000000,0.000000,0,NA,NA,in burrow,NA,0,NA,"prickly pear, grass, mesquite",prickly pear,grass,mesquite,NA,NA,NA,AMB,J,1,0.000000,,WGS84,,1.000000,1.000000,1.000000,0.000000,,513089.29672699998,3520285.59693000000
513165.423604183,3520480.02366251,06.28.18.174,111.000000,31.819885,-110.860889,2018/06/28,1899/12/30,,"1,141.00",Telemetry,32.000000,0.000000,0,NA,NA,in burrow,NA,0,NA,"prickly pear, grass, mesquite, catclaw acacia",prickly pear,grass,mesquite,catclaw acacia,NA,NA,AMB,J,NA,0.000000,,WGS84,,0.000000,0.000000,0.000000,0.000000,,513165.42360400001,3520480.02365999995
513046.309075889,3520271.81150356,06.28.18.514.2,528.000000,31.818008,-110.862150,2018/06/28,1899/12/30,,"1,134.00",Telemetry,32.000000,0.000000,0,NA,NA,in burrow,NA,0,NA,"mesquite, grass",mesquite,grass,NA,NA,NA,NA,AMB,J,1,0.000000,fresh digging under pp ~5m away to E,WGS84,,1.000000,1.000000,0.000000,1.000000,,513046.30907600001,3520271.81149999984
513233.900104505,3520491.15782862,06.28.18.174.3,111.000000,31.819985,-110.860165,2018/06/28,1899/12/30,,"1,139.00",Telemetry,32.000000,0.000000,0,NA,NA,in burrow,NA,0,NA,"mesquite, catclaw acacia, prickly pear, grass",mesquite,catclaw acacia,prickly pear,grass,NA,NA,AMB,J,NA,0.000000,,WGS84,,0.000000,0.000000,0.000000,0.000000,,513233.90010500001,3520491.15782999992
511251.594523557,3522948.61902306,06.28.18.754.2,525.000000,31.842177,-110.881083,2018/06/28,1899/12/30,,"1,045.00",Telemetry,15.000000,0.000000,0,0,0,in burrow,NA,0,0,"prickly pear, catclaw acacia",prickly pear,catclaw acacia,NA,NA,NA,NA,ADB,J,1,0.000000,prob scared him?,WGS84,,0.000000,0.000000,0.000000,0.000000,,511251.59452400001,3522948.61902000010
513155.515546079,3520479.45346021,06.29.18.174,111.000000,31.819880,-110.860994,2018/06/29,1899/12/30,,"1,140.00",Telemetry,32.000000,0.000000,0,0,0,in burrow,NA,0,0,"prickly pear, mesquite, grass",prickly pear,mesquite,grass,NA,NA,NA,AMB,J,NA,0.000000,,WGS84,,0.000000,0.000000,0.000000,0.000000,,513155.51554599998,3520479.45345999999
511253.831188009,3522919.31982721,07.03.18.754,525.000000,31.841913,-110.881059,2018/07/03,1899/12/30,,"1,044.00",Telemetry,15.000000,0.000000,0,0,0,in burrow,NA,0,0,"prickly pear, bush muly",prickly pear,bush muly,burrow weed,NA,NA,NA,ADB,J,1,0.000000,same burrow as yesterday,WGS84,,4.000000,2.000000,3.000000,0.000000,moved here right before I uncollared him,511253.83118799998,3522919.31982999993
513176.976803526,3520437.51594155,07.03.18.174,111.000000,31.819501,-110.860767,2018/07/03,1899/12/30,,"1,134.00",Telemetry,32.000000,0.000000,NA,NA,NA,in burrow,NA,0,0,"prickly pear, hackberry, catclaw acacia",prickly pear,hackberry,catclaw acacia,grass,NA,NA,AMB,J,NA,0.000000,,WGS84,,3.000000,1.000000,3.000000,0.000000,"as of 12/18 think she is still over here, may have just shifted to across the rd since there is a new burrow there. I caught her right outside of it.",513176.97680399998,3520437.51593999984
511488.423540816,3522912.36042614,07.03.18.134,130.000000,31.841848,-110.878580,2018/07/03,1899/12/30,,"1,052.00",Telemetry,18.000000,0.000000,NA,NA,NA,in burrow,NA,0,0,"prickly pear, palo verede",prickly pear,palo verde,NA,NA,NA,NA,AMB,J,1,0.000000,fresh digging/dirt at burrow entrance,WGS84,,0.000000,0.000000,0.000000,0.000000,,511488.42354100000,3522912.36042999988
513114.049508225,3520200.80624466,07.03.18.514,528.000000,31.817367,-110.861435,2018/07/03,1899/12/30,,"1,134.00",Telemetry,32.000000,0.000000,NA,NA,NA,in burrow,NA,0,0,"prickly pear, mesquite, grass",prickly pear,mesquite,grass,NA,NA,NA,AMB,J,1,0.000000,very fresh feeding sign on 2 green prickly pear fruit outside burrow,WGS84,,1.000000,1.000000,0.000000,1.000000,,513114.04950800003,3520200.80623999983
513203.129622033,3520508.32724186,07.08.18.173.2,111.000000,31.820140,-110.860490,2018/07/08,1899/12/30,,"1,138.00",Telemetry,31.500000,1.000000,1,5,5,run to burrow,15,0,0,"prickly pear (small), mesquite (3m)",prickly pear (small),mesquite.3,NA,NA,NA,NA,ADB,J,NA,0.000000,"run ~5m W to burrow, pause vig, go into burrow",WGS84,0-krat,0.000000,0.000000,0.000000,0.000000,,513203.12962199998,3520508.32724000001
513224.949418504,3520467.34461055,07.09.18.173,111.000000,31.819770,-110.860260,2018/07/09,1899/12/30,,"1,136.00",Telemetry,32.000000,0.000000,1,NA,NA,in burrow,NA,0,0,"prickly pear, mesquite, thick grass",prickly pear,mesquite,grass,NA,NA,NA,ADB,J,NA,0.000000,not sure if chased her? May have started closer to the wash (N),WGS84,0-krat,0.000000,0.000000,0.000000,0.000000,,513224.94941900001,3520467.34461000003
513187.035240779,3520512.74017788,07.13.18.173,111.000000,31.820180,-110.860660,2018/07/13,1899/12/30,,"1,140.00",Telemetry,32.000000,0.000000,0,0,0,in burrow,NA,0,0,prickly pear (small),prickly pear (small),NA,NA,NA,NA,NA,ADB,J,NA,0.000000,right next to rd,WGS84,,0.000000,0.000000,0.000000,0.000000,,513187.03524100001,3520512.74018000020
513153.407338853,3520166.87751742,07.13.18.514,528.000000,31.817060,-110.861020,2018/07/13,1899/12/30,,"1,142.00",Telemetry,32.000000,0.000000,0,0,0,in burrow,NA,0,0,catclaw acacia,catclaw acacia,NA,NA,NA,NA,NA,,J,0,0.000000,,WGS84,,1.000000,1.000000,1.000000,0.000000,,513153.40733900003,3520166.87752000010
511370.644433647,3523313.70951967,07.13.18.054,134.000000,31.845470,-110.879820,2018/07/13,1899/12/30,,"1,044.00",Telemetry,21.000000,0.000000,0,0,0,in burrow,NA,0,0.5,hackberry,hackberry,NA,NA,NA,NA,NA,ADB,J,0,0.000000,may have chased? 1 skip,WGS84,,0.000000,0.000000,0.000000,0.000000,,511370.64443400002,3523313.70952000003
511361.180631101,3523315.91585019,07.13.18.054.2,134.000000,31.845490,-110.879920,2018/07/13,1899/12/30,,"1,040.00",Telemetry/visual,21.000000,1.000000,1,15-Oct,25,run to burrow,15,0,0,prickly pear,prickly pear,NA,NA,NA,NA,NA,ADB,J,0,0.000000,"may have started further E by hack, vis run to burrow, dig, tf, vig, run 15m W oos, no juvs seen",WGS84,,0.000000,0.000000,0.000000,0.000000,,511361.18063100002,3523315.91584999999
513180.597993075,3520366.42361263,07.18.18.514,528.000000,31.818860,-110.860730,2018/07/18,1899/12/30,,"1,136.00",Telemetry,32.000000,0.000000,0,NA,NA,in burrow,NA,3.5,NA,"prickly pear, catclaw acacia, grass",prickly pear,catclaw acacia,grass,NA,NA,NA,"NB, AMB",J,0,0.000000,,WGS84,,2.000000,1.000000,2.000000,0.000000,one loc he may have already been awake,513180.59799300000,3520366.42360999994
511376.321244375,3523313.71580391,07.18.18.054,134.000000,31.845470,-110.879760,2018/07/18,1899/12/30,,"1,041.00",Telemetry/visual,21.000000,1.000000,0,.5m,0.5,vig at burrow,25,0.5,0,hackberry,hackberry,NA,NA,NA,NA,NA,"NB, AMB",J,0,0.000000,"visual- tf, vig, went into burrow in hackberry",WGS84,,0.000000,0.000000,0.000000,0.000000,,511376.32124399999,3523313.71579999989
511370.643206954,3523314.81791831,07.20.18.054,134.000000,31.845480,-110.879820,2018/07/20,1899/12/30,,"1,041.00",Telemetry,21.000000,0.000000,0,0,0,in burrow,NA,0,0,hackberry,hackberry,NA,NA,NA,NA,NA,"NB, AMB",J,0,0.000000,,WGS84,,0.000000,0.000000,0.000000,0.000000,,511370.64320699999,3523314.81791999983
511338.535777098,3523259.36243724,07.20.18.104,529.000000,31.844980,-110.880160,2018/07/20,1899/12/30,,"1,038.00",Telemetry,21.000000,0.000000,0,0,0,in burrow,NA,0,0,"prickly pear, mesquite",prickly pear,mesquite,NA,NA,NA,NA,AMB,J,0,0.000000,,WGS84,,0.000000,0.000000,0.000000,0.000000,,511338.53577700001,3523259.36243999982
511471.379001701,3522915.90599646,07.20.18.134,130.000000,31.841880,-110.878760,2018/07/20,1899/12/30,,"1,050.00",Telemetry,18.000000,0.000000,0,0,0,in burrow,NA,0,0,prickly pear,prickly pear,NA,NA,NA,NA,NA,AMB,J,1,0.000000,,WGS84,,0.000000,0.000000,0.000000,0.000000,,511471.37900199997,3522915.90599999996
511383.887869111,3523315.94098506,07.23.18.054,134.000000,31.845490,-110.879680,2018/07/23,1899/12/30,,"1,041.00",Telemetry,21.000000,0.000000,0,0,0,in burrow,NA,0,0,"hackberry, bush muly",hackberry,bush muly,NA,NA,NA,NA,ADB,J,0,0.000000,,WGS84,,0.000000,0.000000,0.000000,0.000000,,511383.88786900003,3523315.94099000003
513229.231704669,3520081.18492555,07.25.18.514,528.000000,31.816286,-110.860220,2018/07/25,1899/12/30,,NA,Telemetry,32.000000,0.000000,0,0,0,in burrow,NA,0,0,"prickly pear (deadish), mesquite",prickly pear (dying),mesquite,NA,NA,NA,NA,AMB,J,0,0.000000,lots of pp feeding around burrow,WGS84,,1.000000,1.000000,1.000000,0.000000,,513229.23170499998,3520081.18492999999
511381.993143436,3523318.15568587,07.26.18.054.3,134.000000,31.845510,-110.879700,2018/07/26,1899/12/30,,"1,041.00",Telemetry,21.000000,0.000000,1,NA,NA,at burrow,NA,NA,NA,hackberry,hackberry,NA,NA,NA,NA,NA,ADB,J,0,0.000000,now full bars at hack burrow,WGS84,,0.000000,0.000000,0.000000,0.000000,,511381.99314300000,3523318.15568999993
511381.344416218,3522964.24293305,08.03.18.1336,130.000000,31.842317,-110.879711,2018/08/03,1899/12/30,,NA,Telemetry,18.000000,0.000000,0,0,0,in burrow,NA,0,NA,"prickly pear, burrow weed",prickly pear,burrow weed,NA,NA,NA,NA,NB,J,0,0.000000,"in burrow to SW of old burrow (cam trap), about 1-2m N of wash and 2-3m E of fence",WGS84,,0.000000,0.000000,0.000000,0.000000,,511381.34441600001,3522964.24293000018
511361.870722652,3523376.3354998,08.03.18.104,529.000000,31.846035,-110.879912,2018/08/03,1899/12/30,,"1,040.00",Telemetry,21.000000,0.000000,0,0,0,in burrow,NA,0,0.5,"prickly pear, mesquite (2m), grass",prickly pear,mesquite.2,grass,NA,NA,NA,ADB,J,0,0.000000,fresh burrow/ grnd digging here and 15m SW of here,WGS84,,0.000000,0.000000,0.000000,0.000000,,511361.87072300003,3523376.33550000004
511396.733290511,3523267.56469991,08.07.18.104,529.000000,31.845053,-110.879545,2018/08/07,1899/12/30,,"1,041.00",Telemetry,21.000000,0.000000,0,0,0,in burrow,NA,0,0,"prickly pear, AZ cotton top",prickly pear,AZ cotton top,NA,NA,NA,NA,ADB,J,0,0.000000,right next to rd,WGS84,,0.000000,0.000000,0.000000,0.000000,,511396.73329100001,3523267.56469999999
511411.749253598,3522934.68239025,08.07.18.134.2,130.000000,31.842050,-110.879390,2018/08/07,1899/12/30,,"1,052.00",Telemetry,18.000000,0.000000,NA,NA,NA,at burrow,NA,0,0,"prickly pear, bitter brush (diff species than button? Looks slightly different), Lehmann",prickly pear,brittlebush (diff species than button? Looks slightly different),lehmann,NA,NA,NA,ADB,J,0,0.000000,heard movement under pp and got signal in burrow. Probably wasn't in burrow to start with.,WGS84,,0.000000,0.000000,0.000000,0.000000,,511411.74925400002,3522934.68239000021
513190.217003584,3520245.62076899,08.08.18.514,528.000000,31.817770,-110.860630,2018/08/08,1899/12/30,,NA,Telemetry,32.000000,0.000000,0,0,0,in burrow,NA,0,0,"tanglehead, mesquite (1m), prickly pear",tanglehead,prickly pear,mesquite.1,az cotton,NA,NA,ADB,J,0,0.000000,on E side of rd,WGS84,,3.000000,2.000000,3.000000,0.000000,I had the impression he settled here for a bit. Seemed he was here reliably for a couple weeks.,513190.21700399998,3520245.62076999992
511429.824078144,3522949.03851799,08.08.18.1336,130.000000,31.842179,-110.879199,2018/08/08,1899/12/30,,"1,050.00",Telemetry/visual,18.000000,1.000000,0,25,25,run to burrow,30,25,1,"prickly pear, mesquite (4m), burrow weed",prickly pear,mesquite.4,burrow weed,NA,NA,NA,ADB,J,0,0.000000,"0m-escape burrow; ran 25m SW to pp burrow in wash- same as yesterday",WGS84,,0.000000,0.000000,0.000000,0.000000,,511429.82407799998,3522949.03851999994
511386.663824755,3523269.84792319,08.09.18.104,529.000000,31.845074,-110.879651,2018/08/09,1899/12/30,,"1,034.00",Telemetry,21.000000,0.000000,0,0,0,in burrow,NA,0,0,"prickly pear, grass, burrow weed",prickly pear,grass,burrow weed,NA,NA,NA,"NB, ADB",J,0,0.000000,burrow possibly caved in after rain.,WGS84,,0.000000,0.000000,0.000000,0.000000,,511386.66382500000,3523269.84792000009
511393.929266403,3523270.67397696,08.13.18.104,529.000000,31.845081,-110.879574,2018/08/13,1899/12/30,,"1,041.00",Telemetry,21.000000,0.000000,0,NA,NA,in burrow,NA,0,0,prickly pear,prickly pear,NA,NA,NA,NA,NA,ADB,J,0,0.000000,"still in burrow; coyote track near pp, fresh pp feeding, holes that may be new?",WGS84,,0.000000,0.000000,0.000000,0.000000,,511393.92926599999,3523270.67397999996
511390.681176442,3522931.83592081,08.14.18.504,533.000000,31.842025,-110.879613,2018/08/14,1899/12/30,,"1,047.00",Telemetry,18.000000,0.000000,0,NA,NA,in burrow,NA,0,5,barrel cactus,barrel cactus,catclaw acacia,gramma,NA,NA,NA,"AMB, HY",J,0,0.000000,,WGS84,,4.000000,1.000000,2.000000,2.000000,moved S after this,511390.68117599998,3522931.83591999998
511482.200408364,3522977.69361888,08.17.18.1336,130.000000,31.842437,-110.878645,2018/08/17,1899/12/30,,"1,051.00",Telemetry,18.000000,0.000000,0,NA,NA,in burrow,NA,0,0,"prickly pear, grass,catclaw acacia",prickly pear,grass,catclaw acacia,NA,NA,NA,ADB,NB,0,0.000000,"may have moved but not sure, spotty signal",WGS84,,0.000000,0.000000,0.000000,0.000000,,511482.20040799998,3522977.69362000003
513228.747604328,3520310.40058567,08.25.18.514,528.000000,31.818354,-110.860222,2018/08/25,1899/12/30,,NA,Telemetry,18.000000,0.000000,0,0,0,in burrow,NA,0,0,"catclaw acacia, prickly pear, riparian veg",catclaw acacia,prickly pear,unkwn veg,NA,NA,NA,ADB,NB,0,0.000000,fresh pp feed,WGS84,GPS COORDS COLLECTED WITH APPLE SMARTPHONE,1.000000,1.000000,1.000000,0.000000,,513228.74760399997,3520310.40059000021
511401.358730889,3522978.72751733,09.02.18.504.2,533.000000,31.842447,-110.879499,2018/09/02,1899/12/30,,"1,048.00",Telemetry,18.000000,0.000000,0,0,0,in burrow,NA,0,0.5,"cholla, unknown grass",cholla,grass,NA,NA,NA,NA,ADB,NB,0,0.000000,probs didn't start in burrow but was here and didn’t' run,WGS84,,0.000000,0.000000,0.000000,0.000000,,511401.35873099999,3522978.72752000019
511419.853109049,3522964.57051728,09.07.18.133,130.000000,31.842320,-110.879304,2018/09/07,1899/12/30,,"1,054.20",Telemetry/visual,18.000000,1.000000,0,5,5,run to burrow,15,5,0,"prickly pear, needle gramma, burrow weed",prickly pear,needle gramma,burrow weed,NA,NA,NA,ADB,NB,0,0.000000,"fresh pp feeding, wan snf 5m to burrow, now in burrow. Male signal to S",WGS84,,0.000000,0.000000,0.000000,0.000000,,511419.85310900002,3522964.57052000007
511486.426726138,3522912.70844805,09.15.18.133,130.000000,31.841851,-110.878601,2018/09/15,1899/12/30,,NA,Telemetry,18.000000,0.000000,0,0,0,in burrow,NA,0,0.5,"prickly pear (sm), leh, needle",prickly pear (small),lehmann,needle,NA,NA,NA,ADB,NB,0,0.000000,"fresh pp feed outside hole, just a few nibbles- probably awake",WGS84,GPS COORDS COLLECTED WITH APPLE SMARTPHONE,0.000000,0.000000,0.000000,0.000000,,511486.42672599998,3522912.70844999980
511402.573422994,3522856.11329131,09.29.18.504,533.000000,31.841341,-110.879488,2018/09/29,1899/12/30,,"1,046.75",Telemetry,18.000000,0.000000,0,0,0,in burrow,NA,0,0,"prickly pear (sm), cholla, grasses (needle, leh, unk)",prickly pear (small),cholla,needle gramma,lehmann,unkwn veg,NA,ADB,NB,0,0.000000,fresh digging,WGS84,,2.000000,2.000000,0.000000,0.000000,,511402.57342299999,3522856.11328999978
511432.088974562,3522962.85612847,09.29.18.1336.2,130.000000,31.842304,-110.879175,2018/09/29,1899/12/30,,"1,049.40",Telemetry,18.000000,0.000000,0,0,0,in burrow,NA,0,0,NA,NA,NA,NA,NA,NA,NA,ADB,NB,0,0.000000,"still in burrow but fresh pp feed outside N hole (cam trap), think scared her back in",WGS84,these coords more accurate. used for other burrow coord locations that I lost in GPS#3,0.000000,0.000000,0.000000,0.000000,,511432.08897500002,3522962.85613000020
511416.766941154,3522966.06342713,10.06.18.133.3,130.000000,31.842333,-110.879337,2018/10/06,1899/12/30,,"1,049.16",Telemetry/visual,18.000000,1.000000,1,~100?,100,at burrow,NA,0,0,"prickly pear, bush muly",prickly pear,bush muly,NA,NA,NA,NA,ADB,NB,0,0.000000,"as we walk back, see her dive into her usual burrow, confirm with signal it is her. She got back fast! Cholla feed at burrow",WGS84,,0.000000,0.000000,0.000000,0.000000,,511416.76694100001,3522966.06343000010
511432.088974562,3522962.85612847,10.14.18.133,130.000000,31.842304,-110.879175,2018/10/14,1899/12/30,,NA,Telemetry,18.000000,0.000000,0,0,0,in burrow,NA,0,0,"prikly pear, burrow weed, bush muly",prickly pear,burrow weed,bush muly,NA,NA,NA,ADB,NB,0,0.000000,in usual burrow,WGS84,Reused coords from another point in correct location,0.000000,0.000000,0.000000,0.000000,,511432.08897500002,3522962.85613000020
511422.120161267,3522967.94589668,10.20.18.1336,130.000000,31.842350,-110.879280,2018/10/20,1899/12/30,,NA,Telemetry/visual,18.000000,1.000000,0,2,2,run to burrow,5,2,1,"prickly pear, bush muly",prickly pear,bush muly,burrow weed,NA,NA,NA,ADB,NB,0,0.000000,"see squ run from patch between pp to burrow, sentinel, oos. .1336 signal coming from burrow but squi looked unm? Slipped collar?",WGS84,Point retaken afterward- used for 3 points this day- all outside .133 burrow.,10.000000,0.000000,6.000000,4.000000,still here when took collar off,511422.12016100000,3522967.94590000017
-1.79769313486232e+308,-1.79769313486232e+308,10.20.18.133.3,130.000000,0.000000,0.000000,2018/10/20,1899/12/30,,NA,Telemetry,18.000000,0.000000,0,0,NA,in burrow,NA,0,0,"sm pp, yellow flower",prickly pear (small),wildflower,NA,NA,NA,NA,ADB,NB,0,0.000000,"in burrow, seems like she was either here or just outside brurow, no major movement",WGS84,"not sure which burrow this is, since its a small pp....maybe the one from 07.03 & 09.15?",0.000000,0.000000,0.000000,0.000000,,nan,nan
511432.088974562,3522962.85612847,10.21.18.133,130.000000,31.842304,-110.879175,2018/10/21,1899/12/30,,NA,Telemetry,18.000000,0.000000,0,0,0,in burrow,NA,0,0,"prickly pear, grass",prickly pear,grass,NA,NA,NA,NA,ADB,NB,0,0.000000,,WGS84,,0.000000,0.000000,0.000000,0.000000,,511432.08897500002,3522962.85613000020
-1.79769313486232e+308,-1.79769313486232e+308,10.21.18.504.2,533.000000,0.000000,0.000000,2018/10/21,1899/12/30,,NA,Telemetry,18.000000,0.000000,1,100,100,in burrow,NA,0,0,"small pp, lehman, needle gramma",prickly pear (small),lehmann,needle gramma,NA,NA,NA,ADB,NB,NA,0.000000,"think ran to this burrow…signal seemed to gradually get fainter like he kept pausing to look at us, then running off a few more meters",WGS84,unsure about this time...not noted.,0.000000,0.000000,0.000000,0.000000,,nan,nan
511432.088974562,3522962.85612847,10.21.18.133.2,130.000000,31.842304,-110.879175,2018/10/21,1899/12/30,,NA,Telemetry,18.000000,0.000000,0,0,NA,in burrow,NA,0,0.5,"prickly pear, bush muly",prickly pear,bush muly,NA,NA,NA,NA,ADB,NB,0,0.000000,amaranthacae- genus around burrow srtill here- prob bedcause of me and traps,WGS84,Point retaken afterward,0.000000,0.000000,0.000000,0.000000,,511432.08897500002,3522962.85613000020
-1.79769313486232e+308,-1.79769313486232e+308,10.31.18.504,533.000000,0.000000,0.000000,2018/10/31,1899/12/30,,NA,Telemetry,18.000000,0.000000,0,0,0,in burrow,NA,0,0,"prickly pear, catclaw acacia, unk riparian veg?, cholla",prickly pear,catclaw acacia,unkwn veg,cholla,NA,NA,ADB,NB,NA,0.000000,"4 holes, all larger than usual AMHA burrow. Seems a bit strange",WGS84,,0.000000,0.000000,0.000000,0.000000,,nan,nan
-1.79769313486232e+308,-1.79769313486232e+308,11.18.18.504,533.000000,0.000000,0.000000,2018/11/18,1899/12/30,,NA,Telemetry,15.000000,0.000000,0,0,0,in burrow,NA,0,0,"prickly pear, mesquite (2m), catclaw acacia",prickly pear,mesquite.2,catclaw acacia,NA,NA,NA,ADB,NB,NA,0.000000,"az cot, bm, pack rat midden? See one clear hole- looks AMHAish but twigs and cholla balls around near center",WGS84,,0.000000,0.000000,0.000000,0.000000,,nan,nan
511395.441998956,3522793.89758145,12.14.18.504,533.000000,31.840780,-110.879564,2018/12/14,1899/12/30,,NA,Telemetry,18.000000,0.000000,0,0,0,in burrow,NA,0,0,"ephedra, needle gramma, unk grass, dying mes (<1m)",ephedra,needle gramma,grass,mesquite.1,NA,NA,ADB,M,NA,0.000000,"somewhere between .504 and .504.3, phone GPS. In burrow but not sure if chased…really weak signal",WGS84,Point taken with Apple Iphone,0.000000,0.000000,0.000000,0.000000,,511395.44199899997,3522793.89758000011
511343.854102768,3522812.79412928,12.14.18.504.4,533.000000,31.840951,-110.880109,2018/12/14,1899/12/30,,NA,Telemetry,18.000000,0.000000,0,0,0,in burrow,NA,0,0,"prickly pear, burrow weed, az cottontop",prickly pear,burrow weed,az cottontop,NA,NA,NA,ADB,M,NA,0.000000,pack rat midden…10m from wash that he frequents,WGS84,"Point taken with Apple Iphone; unsure of time, left 21 by 11:10",0.000000,0.000000,0.000000,0.000000,,511343.85410300002,3522812.79412999982
